,SPY
2005-01-03,80.97356414794922
2005-01-04,79.98407745361328
2005-01-05,79.43213653564453
2005-01-06,79.83597564697266
2005-01-07,79.72157287597656
2005-01-10,80.09851837158203
2005-01-11,79.54656982421875
2005-01-12,79.80908203125
2005-01-13,79.16964721679688
2005-01-14,79.58692932128906
2005-01-18,80.41490173339844
2005-01-19,79.57345581054688
2005-01-20,79.0888671875
2005-01-21,78.6042251586914
2005-01-24,78.44938659667969
2005-01-25,78.67152404785156
2005-01-26,78.90711975097656
2005-01-27,79.04176330566406
2005-01-28,79.04176330566406
2005-01-31,79.5330581665039
2005-02-01,80.03791046142578
2005-02-02,80.28021240234375
2005-02-03,80.07156372070312
2005-02-04,80.92639923095703
2005-02-07,80.81874084472656
2005-02-08,80.91292572021484
2005-02-09,80.30712890625
2005-02-10,80.59658813476562
2005-02-11,81.28988647460938
2005-02-14,81.22931671142578
2005-02-15,81.5322265625
2005-02-16,81.58602142333984
2005-02-17,80.92639923095703
2005-02-18,81.03411102294922
2005-02-22,79.8292465209961
2005-02-23,80.40142059326172
2005-02-24,80.93314361572266
2005-02-25,81.73412322998047
2005-02-28,81.19561767578125
2005-03-01,81.59947967529297
2005-03-02,81.55915069580078
2005-03-03,81.59278106689453
2005-03-04,82.60916137695312
2005-03-07,82.64954376220703
2005-03-08,82.33990478515625
2005-03-09,81.42450714111328
2005-03-10,81.60620880126953
2005-03-11,81.03411102294922
2005-03-14,81.53892517089844
2005-03-15,80.86585235595703
2005-03-16,80.1792984008789
2005-03-17,80.34083557128906
2005-03-18,80.10232543945312
2005-03-21,79.80496978759766
2005-03-22,78.9940414428711
2005-03-23,79.06163024902344
2005-03-24,79.15626525878906
2005-03-28,79.27110290527344
2005-03-29,78.7440414428711
2005-03-30,79.85902404785156
2005-03-31,79.71034240722656
2005-04-01,79.35223388671875
2005-04-04,79.48737335205078
2005-04-05,79.86578369140625
2005-04-06,80.14279174804688
2005-04-07,80.5752944946289
2005-04-08,79.73736572265625
2005-04-11,79.79822540283203
2005-04-12,80.21041107177734
2005-04-13,79.26436614990234
2005-04-14,78.23048400878906
2005-04-15,77.13581085205078
2005-04-18,77.37229919433594
2005-04-19,77.98719787597656
2005-04-20,76.89925384521484
2005-04-21,78.39266204833984
2005-04-22,78.09536743164062
2005-04-25,78.6089096069336
2005-04-26,77.84529876708984
2005-04-27,78.14937591552734
2005-04-28,77.16957092285156
2005-04-29,78.21697235107422
2005-05-02,78.65618133544922
2005-05-03,78.79134368896484
2005-05-04,79.39950561523438
2005-05-05,79.37250518798828
2005-05-06,79.12244415283203
2005-05-09,79.61573791503906
2005-05-10,78.79134368896484
2005-05-11,79.22383117675781
2005-05-12,78.35211181640625
2005-05-13,78.19669342041016
2005-05-16,78.926513671875
2005-05-17,79.45354461669922
2005-05-18,80.2712173461914
2005-05-19,80.60908508300781
2005-05-20,80.49423217773438
2005-05-23,80.9401626586914
2005-05-24,80.75101470947266
2005-05-25,80.690185546875
2005-05-26,81.12265014648438
2005-05-27,81.2578125
2005-05-31,80.73747253417969
2005-06-01,81.42671203613281
2005-06-02,81.60240936279297
2005-06-03,81.19022369384766
2005-06-06,81.11592102050781
2005-06-07,81.17671966552734
2005-06-08,81.0280532836914
2005-06-09,81.41321563720703
2005-06-10,81.2240219116211
2005-06-13,81.48079681396484
2005-06-14,81.67001342773438
2005-06-15,81.82540893554688
2005-06-16,82.03490447998047
2005-06-17,82.33885955810547
2005-06-20,82.36601257324219
2005-06-21,82.41349792480469
2005-06-22,82.48130798339844
2005-06-23,81.32111358642578
2005-06-24,80.72411346435547
2005-06-27,80.83943939208984
2005-06-28,81.5179214477539
2005-06-29,81.30079650878906
2005-06-30,80.8597640991211
2005-07-01,81.0972671508789
2005-07-05,81.74859619140625
2005-07-06,81.0633316040039
2005-07-07,81.38225555419922
2005-07-08,82.31169891357422
2005-07-11,82.73233795166016
2005-07-12,82.94944763183594
2005-07-13,83.0648422241211
2005-07-14,83.39051818847656
2005-07-15,83.34296417236328
2005-07-18,83.01053619384766
2005-07-19,83.46510314941406
2005-07-20,83.75008392333984
2005-07-21,83.26158142089844
2005-07-22,83.81791687011719
2005-07-25,83.58042907714844
2005-07-26,83.6822280883789
2005-07-27,83.98751831054688
2005-07-28,84.5167465209961
2005-07-29,83.95362854003906
2005-08-01,83.89256286621094
2005-08-02,84.39464569091797
2005-08-03,84.6185073852539
2005-08-04,83.9400405883789
2005-08-05,83.3701171875
2005-08-08,83.21408081054688
2005-08-09,83.71617889404297
2005-08-10,83.67544555664062
2005-08-11,84.00788116455078
2005-08-12,83.4922866821289
2005-08-15,84.00788116455078
2005-08-16,82.9155502319336
2005-08-17,82.90876007080078
2005-08-18,82.90199279785156
2005-08-19,83.09198760986328
2005-08-22,83.09198760986328
2005-08-23,82.93592071533203
2005-08-24,82.19635009765625
2005-08-25,82.49488067626953
2005-08-26,81.93175506591797
2005-08-29,82.56277465820312
2005-08-30,82.12852478027344
2005-08-31,83.16655731201172
2005-09-01,83.10552978515625
2005-09-02,82.95629119873047
2005-09-06,83.92646789550781
2005-09-07,84.0689468383789
2005-09-08,83.79078674316406
2005-09-09,84.5370864868164
2005-09-12,84.36747741699219
2005-09-13,83.89933013916016
2005-09-14,83.593994140625
2005-09-15,83.5533218383789
2005-09-16,84.14745330810547
2005-09-19,83.86807250976562
2005-09-20,83.15947723388672
2005-09-21,82.38273620605469
2005-09-22,82.67572021484375
2005-09-23,82.74388885498047
2005-09-26,82.83924865722656
2005-09-27,82.81883239746094
2005-09-28,82.90054321289062
2005-09-29,83.57513427734375
2005-09-30,83.83403778076172
2005-10-03,83.53422546386719
2005-10-04,82.59395599365234
2005-10-05,81.51061248779297
2005-10-06,81.21763610839844
2005-10-07,81.49696350097656
2005-10-10,80.80878448486328
2005-10-11,80.6929702758789
2005-10-12,80.05931854248047
2005-10-13,80.01164245605469
2005-10-14,80.85649108886719
2005-10-17,81.15630340576172
2005-10-18,80.27735137939453
2005-10-19,81.61278533935547
2005-10-20,80.1751708984375
2005-10-21,80.48857116699219
2005-10-24,81.73548126220703
2005-10-25,81.57193756103516
2005-10-26,81.3334732055664
2005-10-27,80.46814727783203
2005-10-28,81.62643432617188
2005-10-31,81.85128021240234
2005-11-01,82.09654235839844
2005-11-02,82.95503234863281
2005-11-03,83.30941772460938
2005-11-04,83.20035552978516
2005-11-07,83.28215789794922
2005-11-08,83.28215789794922
2005-11-09,83.39112854003906
2005-11-10,84.03842163085938
2005-11-11,84.32462310791016
2005-11-14,84.27690887451172
2005-11-15,83.97029113769531
2005-11-16,84.140625
2005-11-17,84.92420196533203
2005-11-18,85.258056640625
2005-11-21,85.68730163574219
2005-11-22,86.05525207519531
2005-11-23,86.5526351928711
2005-11-25,86.62075805664062
2005-11-28,86.007568359375
2005-11-29,85.91213989257812
2005-11-30,85.4488296508789
2005-12-01,86.32098388671875
2005-12-02,86.43000030517578
2005-12-05,86.24605560302734
2005-12-06,86.4095458984375
2005-12-07,85.90532684326172
2005-12-08,85.85083770751953
2005-12-09,86.07569885253906
2005-12-12,86.157470703125
2005-12-13,86.74342346191406
2005-12-14,87.08407592773438
2005-12-15,86.83200073242188
2005-12-16,86.55252838134766
2005-12-19,86.1072998046875
2005-12-20,86.18949890136719
2005-12-21,86.32649230957031
2005-12-22,86.778564453125
2005-12-23,86.8265151977539
2005-12-27,85.94293212890625
2005-12-28,86.13469696044922
2005-12-29,85.7511215209961
2005-12-30,85.28533935546875
2006-01-03,86.78540802001953
2006-01-04,87.1963882446289
2006-01-05,87.25121307373047
2006-01-06,87.97725677490234
2006-01-09,88.20328521728516
2006-01-10,88.29232788085938
2006-01-11,88.57317352294922
2006-01-12,88.22386932373047
2006-01-13,88.14164733886719
2006-01-17,87.90193176269531
2006-01-18,87.55255889892578
2006-01-19,87.88821411132812
2006-01-20,86.28536987304688
2006-01-23,86.59362030029297
2006-01-24,86.68268585205078
2006-01-25,86.75804138183594
2006-01-26,87.23751831054688
2006-01-27,88.04576110839844
2006-01-30,87.97725677490234
2006-01-31,87.33341979980469
2006-02-01,87.9430160522461
2006-02-02,86.9223861694336
2006-02-03,86.4908676147461
2006-02-06,86.71692657470703
2006-02-07,85.9497299194336
2006-02-08,86.73064422607422
2006-02-09,86.5867919921875
2006-02-10,86.74433135986328
2006-02-13,86.5867919921875
2006-02-14,87.50463104248047
2006-02-15,87.81285858154297
2006-02-16,88.47042846679688
2006-02-17,88.23067474365234
2006-02-21,88.01152038574219
2006-02-22,88.54580688476562
2006-02-23,88.4156265258789
2006-02-24,88.64166259765625
2006-02-27,88.6759262084961
2006-02-28,87.83341217041016
2006-03-01,88.6142578125
2006-03-02,88.6074447631836
2006-03-03,88.19647216796875
2006-03-06,87.79235076904297
2006-03-07,87.65530395507812
2006-03-08,87.84027862548828
2006-03-09,87.25121307373047
2006-03-10,88.07999420166016
2006-03-13,88.244384765625
2006-03-14,89.1690902709961
2006-03-15,89.5663833618164
2006-03-16,89.75133514404297
2006-03-17,89.8262710571289
2006-03-20,89.681884765625
2006-03-21,89.11797332763672
2006-03-22,89.66120910644531
2006-03-23,89.47555541992188
2006-03-24,89.54435729980469
2006-03-27,89.4136734008789
2006-03-28,88.86351013183594
2006-03-29,89.42057037353516
2006-03-30,89.26235961914062
2006-03-31,89.28305053710938
2006-04-03,89.2142105102539
2006-04-04,89.78499603271484
2006-04-05,90.0944595336914
2006-04-06,89.99821472167969
2006-04-07,89.0835952758789
2006-04-10,89.22109985351562
2006-04-11,88.46463775634766
2006-04-12,88.62970733642578
2006-04-13,88.51280212402344
2006-04-17,88.47840881347656
2006-04-18,89.88130950927734
2006-04-19,90.05323791503906
2006-04-20,90.17704010009766
2006-04-21,90.19073486328125
2006-04-24,90.02571105957031
2006-04-25,89.65435791015625
2006-04-26,89.67497253417969
2006-04-27,90.10826110839844
2006-04-28,90.41082000732422
2006-05-01,89.67497253417969
2006-05-02,90.34893035888672
2006-05-03,90.01197052001953
2006-05-04,90.33517456054688
2006-05-05,91.13288116455078
2006-05-08,91.02283477783203
2006-05-09,91.20165252685547
2006-05-10,91.15351867675781
2006-05-11,90.05323791503906
2006-05-12,88.87726593017578
2006-05-15,89.05607604980469
2006-05-16,88.92540740966797
2006-05-17,87.23368835449219
2006-05-18,86.7935562133789
2006-05-19,87.40556335449219
2006-05-22,86.73856353759766
2006-05-23,86.07835388183594
2006-05-24,86.76603698730469
2006-05-25,87.83888244628906
2006-05-26,88.28587341308594
2006-05-30,86.7178955078125
2006-05-31,87.68756103515625
2006-06-01,88.52654266357422
2006-06-02,88.71222686767578
2006-06-05,87.41938018798828
2006-06-06,87.20613861083984
2006-06-07,86.55286407470703
2006-06-08,86.47721862792969
2006-06-09,86.20213317871094
2006-06-12,85.26689910888672
2006-06-13,84.27659606933594
2006-06-14,84.9299087524414
2006-06-15,86.73165130615234
2006-06-16,86.09964752197266
2006-06-19,85.42274475097656
2006-06-20,85.71282958984375
2006-06-21,86.34835052490234
2006-06-22,85.96839141845703
2006-06-23,85.9546127319336
2006-06-26,86.33451843261719
2006-06-27,85.58851623535156
2006-06-28,86.1687240600586
2006-06-29,87.90934753417969
2006-06-30,87.9162826538086
2006-07-03,88.27546691894531
2006-07-05,87.77123260498047
2006-07-06,88.02678680419922
2006-07-07,87.45348358154297
2006-07-10,87.61925506591797
2006-07-11,88.0060806274414
2006-07-12,87.06668853759766
2006-07-13,85.65064239501953
2006-07-14,85.31909942626953
2006-07-17,85.19479370117188
2006-07-18,85.62995147705078
2006-07-19,86.8180160522461
2006-07-20,86.22398376464844
2006-07-21,85.61612701416016
2006-07-24,87.17719268798828
2006-07-25,87.488037109375
2006-07-26,87.6054458618164
2006-07-27,87.52252197265625
2006-07-28,88.39977264404297
2006-07-31,88.31000518798828
2006-08-01,87.87483978271484
2006-08-02,88.46884155273438
2006-08-03,88.7037124633789
2006-08-04,88.5517578125
2006-08-07,88.34454345703125
2006-08-08,88.0060806274414
2006-08-09,87.70905303955078
2006-08-10,87.97846984863281
2006-08-11,87.72978973388672
2006-08-14,87.79887390136719
2006-08-15,88.84876251220703
2006-08-16,89.58784484863281
2006-08-17,89.8157730102539
2006-08-18,90.27169036865234
2006-08-21,89.8848648071289
2006-08-22,89.87797546386719
2006-08-23,89.62928009033203
2006-08-24,89.55326843261719
2006-08-25,89.663818359375
2006-08-28,90.09207916259766
2006-08-29,90.19568634033203
2006-08-30,90.25093078613281
2006-08-31,90.23713684082031
2006-09-01,90.77590942382812
2006-09-05,90.94857788085938
2006-09-06,90.14734649658203
2006-09-07,89.73287963867188
2006-09-08,89.98845672607422
2006-09-11,90.07827758789062
2006-09-12,90.96239471435547
2006-09-13,91.32848358154297
2006-09-14,91.33538055419922
2006-09-15,91.54977416992188
2006-09-18,91.67467498779297
2006-09-19,91.4456787109375
2006-09-20,91.93132781982422
2006-09-21,91.48731994628906
2006-09-22,91.20983123779297
2006-09-25,91.91053009033203
2006-09-26,92.67365264892578
2006-09-27,92.78470611572266
2006-09-28,92.74999237060547
2006-09-29,92.67365264892578
2006-10-02,92.32677459716797
2006-10-03,92.52104949951172
2006-10-04,93.60334014892578
2006-10-05,93.7836685180664
2006-10-06,93.66578674316406
2006-10-09,93.72126770019531
2006-10-10,93.84616088867188
2006-10-11,93.7351303100586
2006-10-12,94.54682159423828
2006-10-13,94.78965759277344
2006-10-16,94.93536376953125
2006-10-17,94.63700103759766
2006-10-18,94.76194763183594
2006-10-19,94.91455841064453
2006-10-20,94.93536376953125
2006-10-23,95.37242889404297
2006-10-24,95.6568832397461
2006-10-25,95.98297882080078
2006-10-26,96.28128051757812
2006-10-27,95.67772674560547
2006-10-30,95.60832977294922
2006-10-31,95.59444427490234
2006-11-01,94.94925689697266
2006-11-02,94.89370727539062
2006-11-03,94.72720336914062
2006-11-06,95.795654296875
2006-11-07,96.16328430175781
2006-11-08,96.37145233154297
2006-11-09,95.864990234375
2006-11-10,95.9066390991211
2006-11-13,96.14253234863281
2006-11-14,96.86402130126953
2006-11-15,97.14154815673828
2006-11-16,97.39128875732422
2006-11-17,97.41905212402344
2006-11-20,97.4745864868164
2006-11-21,97.57169342041016
2006-11-22,97.76596069335938
2006-11-24,97.3704833984375
2006-11-27,96.03150939941406
2006-11-28,96.44776916503906
2006-11-29,97.4537353515625
2006-11-30,97.49534606933594
2006-12-01,97.28026580810547
2006-12-04,98.02264404296875
2006-12-05,98.4458236694336
2006-12-06,98.36261749267578
2006-12-07,97.93242645263672
2006-12-08,98.11284637451172
2006-12-11,98.39723205566406
2006-12-12,98.32096862792969
2006-12-13,98.42501831054688
2006-12-14,99.29222106933594
2006-12-15,99.30133819580078
2006-12-18,99.02925872802734
2006-12-19,99.2175521850586
2006-12-20,99.16180419921875
2006-12-21,98.79903411865234
2006-12-22,98.19207000732422
2006-12-26,98.77108001708984
2006-12-27,99.41991424560547
2006-12-28,99.21063995361328
2006-12-29,98.79903411865234
2007-01-03,98.62458038330078
2007-01-04,98.83389282226562
2007-01-05,98.04557037353516
2007-01-08,98.4990463256836
2007-01-09,98.4153060913086
2007-01-10,98.74315643310547
2007-01-11,99.17569732666016
2007-01-12,99.92913055419922
2007-01-16,99.73382568359375
2007-01-17,99.77572631835938
2007-01-18,99.44076538085938
2007-01-19,99.63615417480469
2007-01-22,99.3292236328125
2007-01-23,99.62223052978516
2007-01-24,100.42449188232422
2007-01-25,99.24547576904297
2007-01-26,99.15480041503906
2007-01-29,99.09900665283203
2007-01-30,99.61521911621094
2007-01-31,100.28495025634766
2007-02-01,100.88494110107422
2007-02-02,101.02445220947266
2007-02-05,101.0523681640625
2007-02-06,101.0802230834961
2007-02-07,101.30352783203125
2007-02-08,101.17098999023438
2007-02-09,100.41748046875
2007-02-12,100.07568359375
2007-02-13,100.91981506347656
2007-02-14,101.58258056640625
2007-02-15,101.71512603759766
2007-02-16,101.666259765625
2007-02-20,101.88253784179688
2007-02-21,101.84071350097656
2007-02-22,101.76392364501953
2007-02-23,101.36632537841797
2007-02-26,101.27556610107422
2007-02-27,97.32003021240234
2007-02-28,98.31761169433594
2007-03-01,98.02464294433594
2007-03-02,96.74097442626953
2007-03-05,95.82011413574219
2007-03-06,97.45955657958984
2007-03-07,97.36187744140625
2007-03-08,98.18507385253906
2007-03-09,98.21295166015625
2007-03-12,98.35948181152344
2007-03-13,96.4479751586914
2007-03-14,97.16656494140625
2007-03-15,97.29910278320312
2007-03-16,97.02667236328125
2007-03-19,98.1962890625
2007-03-20,98.73560333251953
2007-03-21,100.36051940917969
2007-03-22,100.28351593017578
2007-03-23,100.43058776855469
2007-03-26,100.29749298095703
2007-03-27,100.05937957763672
2007-03-28,99.3309555053711
2007-03-29,99.43599700927734
2007-03-30,99.45703125
2007-04-02,99.56903839111328
2007-04-03,100.6407241821289
2007-04-04,100.75274658203125
2007-04-05,101.02590942382812
2007-04-09,101.166015625
2007-04-10,101.28508758544922
2007-04-11,100.871826171875
2007-04-12,101.320068359375
2007-04-13,101.7823715209961
2007-04-16,102.74885559082031
2007-04-17,103.02204895019531
2007-04-18,103.1481704711914
2007-04-19,103.12014770507812
2007-04-20,104.09369659423828
2007-04-23,103.70147705078125
2007-04-24,103.74345397949219
2007-04-25,104.69606018066406
2007-04-26,104.81507873535156
2007-04-27,104.73104858398438
2007-04-30,103.8625259399414
2007-05-01,104.12869262695312
2007-05-02,104.73806762695312
2007-05-03,105.30541229248047
2007-05-04,105.70455169677734
2007-05-07,105.72565460205078
2007-05-08,105.58556365966797
2007-05-09,105.87271118164062
2007-05-10,104.76608276367188
2007-05-11,105.66259002685547
2007-05-14,105.4315185546875
2007-05-15,105.45952606201172
2007-05-16,106.18087768554688
2007-05-17,105.97075653076172
2007-05-18,106.89525604248047
2007-05-21,106.83926391601562
2007-05-22,106.75521087646484
2007-05-23,106.76924896240234
2007-05-24,105.80268096923828
2007-05-25,106.2439193725586
2007-05-29,106.62915802001953
2007-05-30,107.49765014648438
2007-05-31,107.38555908203125
2007-06-01,107.91786193847656
2007-06-04,107.93185424804688
2007-06-05,107.50467681884766
2007-06-06,106.34896850585938
2007-06-07,104.4299087524414
2007-06-08,105.78865051269531
2007-06-11,105.97075653076172
2007-06-12,104.81507873535156
2007-06-13,106.3840560913086
2007-06-14,107.06341552734375
2007-06-15,107.67252349853516
2007-06-18,107.54588317871094
2007-06-19,107.813232421875
2007-06-20,106.31497955322266
2007-06-21,106.90583801269531
2007-06-22,105.89993286132812
2007-06-25,105.39346313476562
2007-06-26,104.31019592285156
2007-06-27,105.79438781738281
2007-06-28,105.78036499023438
2007-06-29,105.81549835205078
2007-07-02,106.77216339111328
2007-07-03,107.15901184082031
2007-07-05,107.0465087890625
2007-07-06,107.60924530029297
2007-07-09,107.69367218017578
2007-07-10,106.16017150878906
2007-07-11,106.91287994384766
2007-07-12,108.60102081298828
2007-07-13,108.92462158203125
2007-07-16,108.91059112548828
2007-07-17,108.8542709350586
2007-07-18,108.65733337402344
2007-07-19,109.07939147949219
2007-07-20,107.97503662109375
2007-07-23,108.30558776855469
2007-07-24,106.42752075195312
2007-07-25,106.64553833007812
2007-07-26,104.12029266357422
2007-07-27,102.07334899902344
2007-07-30,103.6700668334961
2007-07-31,102.50240325927734
2007-08-01,103.0018539428711
2007-08-02,103.82487487792969
2007-08-03,101.15177917480469
2007-08-06,102.84711456298828
2007-08-07,103.94441223144531
2007-08-08,105.39346313476562
2007-08-09,102.27032470703125
2007-08-10,101.79197692871094
2007-08-13,102.15773010253906
2007-08-14,100.59613800048828
2007-08-15,99.21039581298828
2007-08-16,99.95606231689453
2007-08-17,101.79197692871094
2007-08-20,101.74270629882812
2007-08-21,101.94668579101562
2007-08-22,103.15658569335938
2007-08-23,103.06512451171875
2007-08-24,104.3383560180664
2007-08-27,103.36761474609375
2007-08-28,101.09555053710938
2007-08-29,103.07918548583984
2007-08-30,102.80486297607422
2007-08-31,103.81781005859375
2007-09-04,104.86589813232422
2007-09-05,103.95849609375
2007-09-06,104.1976318359375
2007-09-07,102.74858856201172
2007-09-10,102.55162811279297
2007-09-11,103.7474594116211
2007-09-12,104.0147705078125
2007-09-13,104.74636840820312
2007-09-14,104.73926544189453
2007-09-17,104.1765365600586
2007-09-18,107.24340057373047
2007-09-19,107.87659454345703
2007-09-20,107.1168212890625
2007-09-21,107.4058837890625
2007-09-24,107.2080307006836
2007-09-25,106.99600219726562
2007-09-26,107.56134796142578
2007-09-27,108.19745635986328
2007-09-28,107.83702087402344
2007-10-01,109.05265808105469
2007-10-02,108.90424346923828
2007-10-03,108.6852035522461
2007-10-04,108.85474395751953
2007-10-05,110.14811706542969
2007-10-08,109.56150817871094
2007-10-09,110.5934066772461
2007-10-10,110.40962219238281
2007-10-11,109.87957763671875
2007-10-12,110.48737335205078
2007-10-15,109.55445098876953
2007-10-16,108.6852035522461
2007-10-17,109.01728820800781
2007-10-18,108.62149810791016
2007-10-19,105.78036499023438
2007-10-22,106.39525604248047
2007-10-23,107.25749969482422
2007-10-24,107.05963897705078
2007-10-25,107.31401062011719
2007-10-26,108.5720443725586
2007-10-29,108.93253326416016
2007-10-30,108.17632293701172
2007-10-31,109.30005645751953
2007-11-01,106.74158477783203
2007-11-02,106.8617172241211
2007-11-05,106.04895782470703
2007-11-06,107.47660064697266
2007-11-07,104.53649139404297
2007-11-08,104.00643920898438
2007-11-09,102.57875061035156
2007-11-12,101.56099700927734
2007-11-13,104.6565933227539
2007-11-14,104.3668441772461
2007-11-15,102.8614501953125
2007-11-16,103.03812408447266
2007-11-19,101.60342407226562
2007-11-20,102.22537994384766
2007-11-21,100.1334228515625
2007-11-23,101.86487579345703
2007-11-26,99.61746978759766
2007-11-27,100.76238250732422
2007-11-28,103.98519134521484
2007-11-29,104.0205078125
2007-11-30,105.06658935546875
2007-12-03,104.37391662597656
2007-12-04,103.44100952148438
2007-12-05,105.17257690429688
2007-12-06,106.67796325683594
2007-12-07,106.65670776367188
2007-12-10,107.48361206054688
2007-12-11,104.53649139404297
2007-12-12,105.56832122802734
2007-12-13,105.34927368164062
2007-12-14,104.01348114013672
2007-12-17,102.5292739868164
2007-12-18,103.10175323486328
2007-12-19,103.10175323486328
2007-12-20,103.75198364257812
2007-12-21,105.24758911132812
2007-12-24,106.0291976928711
2007-12-26,106.25653076171875
2007-12-27,104.92076873779297
2007-12-28,104.65789031982422
2007-12-31,103.88346099853516
2008-01-02,102.97398376464844
2008-01-03,102.92422485351562
2008-01-04,100.40191650390625
2008-01-07,100.31668090820312
2008-01-08,98.69669342041016
2008-01-09,99.73408508300781
2008-01-10,100.38771057128906
2008-01-11,99.57775115966797
2008-01-14,100.38059997558594
2008-01-15,98.17095184326172
2008-01-16,97.32540893554688
2008-01-17,94.8031005859375
2008-01-18,93.82974243164062
2008-01-22,92.87761688232422
2008-01-23,95.10861206054688
2008-01-24,95.91150665283203
2008-01-25,94.5260009765625
2008-01-28,96.08914184570312
2008-01-29,96.56517791748047
2008-01-30,95.85469818115234
2008-01-31,97.60253143310547
2008-02-01,99.17276763916016
2008-02-04,97.92223358154297
2008-02-05,95.30049133300781
2008-02-06,94.53311157226562
2008-02-07,95.15836334228516
2008-02-08,94.54733276367188
2008-02-11,95.0304946899414
2008-02-12,95.91150665283203
2008-02-13,96.89204406738281
2008-02-14,96.0394058227539
2008-02-15,96.01810455322266
2008-02-19,96.28810119628906
2008-02-20,96.5722885131836
2008-02-21,95.76942443847656
2008-02-22,96.3591537475586
2008-02-25,97.5741195678711
2008-02-26,98.30590057373047
2008-02-27,98.20646667480469
2008-02-28,97.24726867675781
2008-02-29,95.0802230834961
2008-03-03,94.85285949707031
2008-03-04,94.49052429199219
2008-03-05,95.0873031616211
2008-03-06,93.11919403076172
2008-03-07,92.16004180908203
2008-03-10,90.94508361816406
2008-03-11,94.21337890625
2008-03-12,93.33235931396484
2008-03-13,93.53844451904297
2008-03-14,92.08899688720703
2008-03-17,91.15824127197266
2008-03-18,94.94522857666016
2008-03-19,92.59345245361328
2008-03-20,94.30852508544922
2008-03-24,96.19354248046875
2008-03-25,96.28638458251953
2008-03-26,95.1082534790039
2008-03-27,94.80833435058594
2008-03-28,93.90154266357422
2008-03-31,94.2300033569336
2008-04-01,97.54307556152344
2008-04-02,97.60731506347656
2008-04-03,97.85010528564453
2008-04-04,97.74299621582031
2008-04-07,97.79300689697266
2008-04-08,97.69302368164062
2008-04-09,96.98616027832031
2008-04-10,97.121826171875
2008-04-11,95.23675537109375
2008-04-14,94.91545867919922
2008-04-15,95.13676452636719
2008-04-16,97.71443176269531
2008-04-17,97.85724639892578
2008-04-18,98.87826538085938
2008-04-21,98.92826843261719
2008-04-22,98.49273681640625
2008-04-23,98.33566284179688
2008-04-24,98.76408386230469
2008-04-25,99.67800903320312
2008-04-28,99.69944763183594
2008-04-29,99.30667877197266
2008-04-30,98.7211685180664
2008-05-01,100.7633285522461
2008-05-02,101.04179382324219
2008-05-05,100.55622863769531
2008-05-06,101.42737579345703
2008-05-07,99.62091064453125
2008-05-08,99.36386108398438
2008-05-09,99.17816162109375
2008-05-12,100.29206085205078
2008-05-13,100.30635833740234
2008-05-14,100.51345825195312
2008-05-15,101.77012634277344
2008-05-16,101.86295318603516
2008-05-19,102.14141082763672
2008-05-20,101.3131332397461
2008-05-21,99.5995101928711
2008-05-22,99.61376190185547
2008-05-23,98.27848815917969
2008-05-27,99.00679016113281
2008-05-28,99.46380615234375
2008-05-29,99.96360778808594
2008-05-30,100.2135238647461
2008-06-02,99.17816162109375
2008-06-03,98.59984588623047
2008-06-04,98.5498275756836
2008-06-05,100.52053833007812
2008-06-06,97.31462097167969
2008-06-09,97.5501937866211
2008-06-10,97.06468963623047
2008-06-11,95.63661193847656
2008-06-12,96.00077819824219
2008-06-13,97.21464538574219
2008-06-16,97.27171325683594
2008-06-17,96.80050659179688
2008-06-18,95.85794830322266
2008-06-19,95.97933197021484
2008-06-20,94.42141723632812
2008-06-23,94.32814025878906
2008-06-24,94.1415786743164
2008-06-25,94.58647918701172
2008-06-26,92.01750183105469
2008-06-27,91.5151596069336
2008-06-30,91.83812713623047
2008-07-01,92.12512969970703
2008-07-02,90.54642486572266
2008-07-03,90.63971710205078
2008-07-07,89.7140121459961
2008-07-08,91.30704498291016
2008-07-09,89.54898834228516
2008-07-10,89.9149398803711
2008-07-11,88.86723327636719
2008-07-14,88.06351470947266
2008-07-15,86.82206726074219
2008-07-16,88.95333862304688
2008-07-17,89.84320068359375
2008-07-18,90.4029312133789
2008-07-21,90.45314025878906
2008-07-22,91.47929382324219
2008-07-23,91.97442626953125
2008-07-24,90.06562042236328
2008-07-25,90.04409790039062
2008-07-28,88.72371673583984
2008-07-29,90.61820220947266
2008-07-30,92.23278045654297
2008-07-31,91.0128402709961
2008-08-01,90.53206634521484
2008-08-04,89.69249725341797
2008-08-05,92.11078643798828
2008-08-06,92.51981353759766
2008-08-07,91.14205169677734
2008-08-08,92.83555603027344
2008-08-11,93.79712677001953
2008-08-12,92.82120513916016
2008-08-13,92.26148986816406
2008-08-14,92.95755767822266
2008-08-15,93.40961456298828
2008-08-18,92.1323013305664
2008-08-19,91.12765502929688
2008-08-20,91.55106353759766
2008-08-21,91.70892333984375
2008-08-22,93.03650665283203
2008-08-25,91.14922332763672
2008-08-26,91.41472625732422
2008-08-27,92.30455017089844
2008-08-28,93.42398071289062
2008-08-29,92.41936492919922
2008-09-02,91.84526062011719
2008-09-03,91.76634216308594
2008-09-04,89.00360107421875
2008-09-05,89.28343200683594
2008-09-08,91.12765502929688
2008-09-09,88.42233276367188
2008-09-10,88.78114318847656
2008-09-11,90.06562042236328
2008-09-12,90.48185729980469
2008-09-15,86.17626953125
2008-09-16,87.61861419677734
2008-09-17,83.67900848388672
2008-09-18,86.16191864013672
2008-09-19,89.583740234375
2008-09-22,87.55561828613281
2008-09-23,85.56356811523438
2008-09-24,85.83786010742188
2008-09-25,87.18029022216797
2008-09-26,87.22357940673828
2008-09-29,80.38861846923828
2008-09-30,83.71587371826172
2008-10-01,83.76639556884766
2008-10-02,80.72782897949219
2008-10-03,79.63800811767578
2008-10-06,75.58177947998047
2008-10-07,72.19674682617188
2008-10-08,70.37792205810547
2008-10-09,65.46282196044922
2008-10-10,63.87493896484375
2008-10-13,73.14942932128906
2008-10-14,72.06684875488281
2008-10-15,64.97200775146484
2008-10-16,67.67853546142578
2008-10-17,67.27437591552734
2008-10-20,71.31621551513672
2008-10-21,69.18704223632812
2008-10-22,65.41948699951172
2008-10-23,66.17733764648438
2008-10-24,62.821205139160156
2008-10-27,60.59097671508789
2008-10-28,67.6713638305664
2008-10-29,67.18061065673828
2008-10-30,69.504638671875
2008-10-31,69.88713836669922
2008-11-03,70.08924102783203
2008-11-04,72.47101593017578
2008-11-05,69.42520904541016
2008-11-06,65.57830810546875
2008-11-07,67.74356842041016
2008-11-10,66.85575866699219
2008-11-11,64.79155731201172
2008-11-12,61.940677642822266
2008-11-13,65.80200958251953
2008-11-14,62.518062591552734
2008-11-17,61.688079833984375
2008-11-18,62.850059509277344
2008-11-19,58.82267761230469
2008-11-20,54.45609664916992
2008-11-21,57.393638610839844
2008-11-24,61.37046432495117
2008-11-25,61.82521438598633
2008-11-26,64.21416473388672
2008-11-28,65.02252960205078
2008-12-01,59.262962341308594
2008-12-02,61.5437126159668
2008-12-03,63.023284912109375
2008-12-04,61.56536102294922
2008-12-05,63.463558197021484
2008-12-08,65.6793212890625
2008-12-09,64.59671783447266
2008-12-10,65.03695678710938
2008-12-11,63.47076416015625
2008-12-12,64.22859954833984
2008-12-15,63.33362579345703
2008-12-16,66.31446075439453
2008-12-17,65.672119140625
2008-12-18,64.44514465332031
2008-12-19,64.16792297363281
2008-12-22,63.3456916809082
2008-12-23,62.690879821777344
2008-12-24,63.05466842651367
2008-12-26,63.41845703125
2008-12-29,63.236595153808594
2008-12-30,64.73544311523438
2008-12-31,65.65950775146484
2009-01-02,67.63861846923828
2009-01-05,67.55857849121094
2009-01-06,68.00968933105469
2009-01-07,65.97240447998047
2009-01-08,66.2416000366211
2009-01-09,64.82278442382812
2009-01-12,63.265655517578125
2009-01-13,63.382118225097656
2009-01-14,61.3884162902832
2009-01-15,61.4102668762207
2009-01-16,61.8905143737793
2009-01-20,58.623504638671875
2009-01-21,61.155609130859375
2009-01-22,60.2097282409668
2009-01-23,60.471656799316406
2009-01-26,60.88637924194336
2009-01-27,61.504852294921875
2009-01-28,63.58584213256836
2009-01-29,61.51939392089844
2009-01-30,60.26793670654297
2009-02-02,60.086021423339844
2009-02-03,60.93004608154297
2009-02-04,60.63172912597656
2009-02-05,61.53398895263672
2009-02-06,63.28750991821289
2009-02-09,63.37481689453125
2009-02-10,60.471656799316406
2009-02-11,60.82816696166992
2009-02-12,60.871856689453125
2009-02-13,60.217002868652344
2009-02-17,57.64125442504883
2009-02-18,57.503021240234375
2009-02-19,56.884544372558594
2009-02-20,56.331581115722656
2009-02-23,54.31608581542969
2009-02-24,56.37520980834961
2009-02-25,55.931396484375
2009-02-26,55.02186584472656
2009-02-27,53.79219055175781
2009-03-02,51.3692626953125
2009-03-03,50.98362350463867
2009-03-04,52.19143295288086
2009-03-05,50.0595588684082
2009-03-06,50.146888732910156
2009-03-09,49.557518005371094
2009-03-10,52.51158905029297
2009-03-11,52.853572845458984
2009-03-12,54.93455505371094
2009-03-13,55.363834381103516
2009-03-16,55.19651794433594
2009-03-17,56.884544372558594
2009-03-18,58.1578369140625
2009-03-19,57.43752670288086
2009-03-20,56.214454650878906
2009-03-23,60.252288818359375
2009-03-24,59.06511688232422
2009-03-25,59.68800735473633
2009-03-26,60.904502868652344
2009-03-27,59.80526351928711
2009-03-30,57.738739013671875
2009-03-31,58.273677825927734
2009-04-01,59.4022216796875
2009-04-02,61.1390266418457
2009-04-03,61.74720764160156
2009-04-06,61.26357650756836
2009-04-07,59.834564208984375
2009-04-08,60.479454040527344
2009-04-09,62.88308334350586
2009-04-13,62.897735595703125
2009-04-14,61.81318664550781
2009-04-15,62.47270965576172
2009-04-16,63.38874053955078
2009-04-17,63.81378173828125
2009-04-20,61.1390266418457
2009-04-21,62.333473205566406
2009-04-22,61.952396392822266
2009-04-23,62.5606575012207
2009-04-24,63.505985260009766
2009-04-27,62.90507888793945
2009-04-28,62.70721435546875
2009-04-29,64.04095458984375
2009-04-30,64.06292724609375
2009-05-01,64.4073715209961
2009-05-04,66.59849548339844
2009-05-05,66.37132263183594
2009-05-06,67.52185821533203
2009-05-07,66.58385467529297
2009-05-08,68.13741302490234
2009-05-11,66.86228942871094
2009-05-12,66.66442108154297
2009-05-13,64.98628997802734
2009-05-14,65.543212890625
2009-05-15,65.00827026367188
2009-05-18,66.85494232177734
2009-05-19,66.77434539794922
2009-05-20,66.32734680175781
2009-05-21,65.3746566772461
2009-05-22,65.2354507446289
2009-05-26,66.90625
2009-05-27,65.71176147460938
2009-05-28,66.62779235839844
2009-05-29,67.80763244628906
2009-06-01,69.44914245605469
2009-06-02,69.50778198242188
2009-06-03,68.62836456298828
2009-06-04,69.27325439453125
2009-06-05,69.28791809082031
2009-06-08,69.00212860107422
2009-06-09,69.35389709472656
2009-06-10,69.1780014038086
2009-06-11,69.48582458496094
2009-06-12,69.67633819580078
2009-06-15,68.07877349853516
2009-06-16,67.1554183959961
2009-06-17,67.08946990966797
2009-06-18,67.58048248291016
2009-06-19,67.82953643798828
2009-06-22,65.79557037353516
2009-06-23,65.84716796875
2009-06-24,66.41459655761719
2009-06-25,67.85902404785156
2009-06-26,67.68213653564453
2009-06-29,68.31592559814453
2009-06-30,67.76322174072266
2009-07-01,68.04326629638672
2009-07-02,66.1861343383789
2009-07-06,66.17875671386719
2009-07-07,64.89645385742188
2009-07-08,64.85225677490234
2009-07-09,64.97752380371094
2009-07-10,64.8227767944336
2009-07-13,66.39984893798828
2009-07-14,66.77569580078125
2009-07-15,68.72862243652344
2009-07-16,68.61811065673828
2009-07-17,69.36979675292969
2009-07-20,70.10674285888672
2009-07-21,70.43099975585938
2009-07-22,70.416259765625
2009-07-23,71.97122955322266
2009-07-24,72.26602172851562
2009-07-27,72.4797592163086
2009-07-28,72.14075469970703
2009-07-29,71.96392059326172
2009-07-30,72.71558380126953
2009-07-31,72.81875610351562
2009-08-03,74.0199966430664
2009-08-04,74.21158599853516
2009-08-05,73.99788665771484
2009-08-06,73.6146469116211
2009-08-07,74.58006286621094
2009-08-10,74.4253158569336
2009-08-11,73.49676513671875
2009-08-12,74.2853012084961
2009-08-13,74.85273742675781
2009-08-14,74.2779312133789
2009-08-17,72.45027923583984
2009-08-18,73.0251235961914
2009-08-19,73.66622924804688
2009-08-20,74.4253158569336
2009-08-21,75.88449096679688
2009-08-24,75.87714385986328
2009-08-25,76.02450561523438
2009-08-26,76.03187561035156
2009-08-27,76.201416015625
2009-08-28,76.1866683959961
2009-08-31,75.5086441040039
2009-09-01,73.84313201904297
2009-09-02,73.56307983398438
2009-09-03,74.17475891113281
2009-09-04,75.21383666992188
2009-09-08,75.86238861083984
2009-09-09,76.44458770751953
2009-09-10,77.22576141357422
2009-09-11,77.21101379394531
2009-09-14,77.58686828613281
2009-09-15,77.9111328125
2009-09-16,79.09027099609375
2009-09-17,78.97233581542969
2009-09-18,79.022705078125
2009-09-21,78.82276916503906
2009-09-22,79.28186798095703
2009-09-23,78.62283325195312
2009-09-24,77.75650024414062
2009-09-25,77.34185791015625
2009-09-28,78.72651672363281
2009-09-29,78.48955535888672
2009-09-30,78.18592834472656
2009-10-01,76.24593353271484
2009-10-02,75.89055633544922
2009-10-05,77.02342224121094
2009-10-06,78.12672424316406
2009-10-07,78.34146881103516
2009-10-08,78.94125366210938
2009-10-09,79.42253875732422
2009-10-12,79.73355865478516
2009-10-13,79.5706558227539
2009-10-14,80.94050598144531
2009-10-15,81.23668670654297
2009-10-16,80.62950897216797
2009-10-19,81.29593658447266
2009-10-20,80.86647033691406
2009-10-21,80.14080047607422
2009-10-22,80.9552993774414
2009-10-23,80.02974700927734
2009-10-26,79.16337585449219
2009-10-27,78.80055236816406
2009-10-28,77.31221008300781
2009-10-29,78.97087097167969
2009-10-30,76.68280792236328
2009-11-02,77.24557495117188
2009-11-03,77.48992919921875
2009-11-04,77.68984985351562
2009-11-05,79.11894226074219
2009-11-06,79.32627868652344
2009-11-09,81.1330337524414
2009-11-10,81.1478500366211
2009-11-11,81.5625
2009-11-12,80.73318481445312
2009-11-13,81.1700439453125
2009-11-16,82.3473892211914
2009-11-17,82.44366455078125
2009-11-18,82.39179229736328
2009-11-19,81.31816101074219
2009-11-20,81.02936553955078
2009-11-23,82.0586166381836
2009-11-24,82.18452453613281
2009-11-25,82.47327423095703
2009-11-27,81.1330337524414
2009-11-30,81.40702056884766
2009-12-01,82.41405487060547
2009-12-02,82.37700653076172
2009-12-03,81.73282623291016
2009-12-04,82.19931030273438
2009-12-07,82.07341003417969
2009-12-08,81.16265869140625
2009-12-09,81.46623229980469
2009-12-10,81.92530822753906
2009-12-11,82.2733154296875
2009-12-14,82.83612060546875
2009-12-15,82.45108032226562
2009-12-16,82.57697296142578
2009-12-17,81.58470153808594
2009-12-18,82.04629516601562
2009-12-21,82.88008117675781
2009-12-22,83.17782592773438
2009-12-23,83.34162139892578
2009-12-24,83.73619079589844
2009-12-28,83.91484069824219
2009-12-29,83.79573059082031
2009-12-30,83.76594543457031
2009-12-31,82.96195983886719
2010-01-04,84.36900329589844
2010-01-05,84.59228515625
2010-01-06,84.65184783935547
2010-01-07,85.00922393798828
2010-01-08,85.29209899902344
2010-01-11,85.4112319946289
2010-01-12,84.61466217041016
2010-01-13,85.32927703857422
2010-01-14,85.56008911132812
2010-01-15,84.5997543334961
2010-01-19,85.65686798095703
2010-01-20,84.78585815429688
2010-01-21,83.15550994873047
2010-01-22,81.30182647705078
2010-01-25,81.71871185302734
2010-01-26,81.37628173828125
2010-01-27,81.7634048461914
2010-01-28,80.82540130615234
2010-01-29,79.9469223022461
2010-02-01,81.19017791748047
2010-02-02,82.17283630371094
2010-02-03,81.7634048461914
2010-02-04,79.23970794677734
2010-02-05,79.40347290039062
2010-02-08,78.83023071289062
2010-02-09,79.82036590576172
2010-02-10,79.66403198242188
2010-02-11,80.497802734375
2010-02-12,80.43080139160156
2010-02-16,81.69638061523438
2010-02-17,82.08352661132812
2010-02-18,82.56737518310547
2010-02-19,82.73860168457031
2010-02-22,82.75352478027344
2010-02-23,81.7485122680664
2010-02-24,82.50041198730469
2010-02-25,82.38874816894531
2010-02-26,82.44084167480469
2010-03-01,83.29696655273438
2010-03-02,83.52774047851562
2010-03-03,83.60218811035156
2010-03-04,83.85527801513672
2010-03-05,85.0538558959961
2010-03-08,85.06876373291016
2010-03-09,85.21019744873047
2010-03-10,85.5898666381836
2010-03-11,85.94721984863281
2010-03-12,85.95470428466797
2010-03-15,85.97698211669922
2010-03-16,86.66190338134766
2010-03-17,87.17554473876953
2010-03-18,87.13088989257812
2010-03-19,86.6898422241211
2010-03-22,87.15328979492188
2010-03-23,87.76627349853516
2010-03-24,87.34020233154297
2010-03-25,87.19816589355469
2010-03-26,87.1458511352539
2010-03-29,87.69901275634766
2010-03-30,87.75879669189453
2010-03-31,87.45980072021484
2010-04-01,88.05780792236328
2010-04-05,88.77545928955078
2010-04-06,88.98477172851562
2010-04-07,88.47642517089844
2010-04-08,88.78292083740234
2010-04-09,89.36599731445312
2010-04-12,89.50799560546875
2010-04-13,89.5753173828125
2010-04-14,90.59192657470703
2010-04-15,90.6666488647461
2010-04-16,89.22396850585938
2010-04-19,89.56031799316406
2010-04-20,90.36019134521484
2010-04-21,90.19573974609375
2010-04-22,90.46485137939453
2010-04-23,91.05537414550781
2010-04-26,90.71151733398438
2010-04-27,88.56614685058594
2010-04-28,89.2389144897461
2010-04-29,90.34524536132812
2010-04-30,88.81283569335938
2010-05-03,89.96401977539062
2010-05-04,87.84851837158203
2010-05-05,87.32524871826172
2010-05-06,84.42484283447266
2010-05-07,83.16902160644531
2010-05-10,86.8318862915039
2010-05-11,86.58521270751953
2010-05-12,87.79619598388672
2010-05-13,86.7048110961914
2010-05-14,85.13501739501953
2010-05-17,85.17984008789062
2010-05-18,84.0212173461914
2010-05-19,83.5428237915039
2010-05-20,80.3883056640625
2010-05-21,81.56187438964844
2010-05-24,80.51537322998047
2010-05-25,80.59758758544922
2010-05-26,80.11167907714844
2010-05-27,82.7952880859375
2010-05-28,81.75623321533203
2010-06-01,80.38081359863281
2010-06-02,82.47383117675781
2010-06-03,82.75790405273438
2010-06-04,79.85003662109375
2010-06-07,78.8558578491211
2010-06-08,79.70053100585938
2010-06-09,79.27447509765625
2010-06-10,81.59178924560547
2010-06-11,81.98797607421875
2010-06-14,81.86087036132812
2010-06-15,83.72221374511719
2010-06-16,83.69232177734375
2010-06-17,83.82685089111328
2010-06-18,83.91773986816406
2010-06-21,83.67740631103516
2010-06-22,82.29541778564453
2010-06-23,82.04003143310547
2010-06-24,80.68060302734375
2010-06-25,81.0185775756836
2010-06-28,80.76324462890625
2010-06-29,78.2696304321289
2010-06-30,77.5261001586914
2010-07-01,77.18061828613281
2010-07-02,76.75997161865234
2010-07-06,77.26319885253906
2010-07-07,79.69669342041016
2010-07-08,80.48533630371094
2010-07-09,81.08616638183594
2010-07-12,81.13875579833984
2010-07-13,82.3630142211914
2010-07-14,82.35550689697266
2010-07-15,82.3780517578125
2010-07-16,80.10978698730469
2010-07-19,80.58296203613281
2010-07-20,81.47675323486328
2010-07-21,80.4177474975586
2010-07-22,82.2127914428711
2010-07-23,82.92636108398438
2010-07-26,83.7900619506836
2010-07-27,83.7825698852539
2010-07-28,83.24176788330078
2010-07-29,82.83617401123047
2010-07-30,82.82119750976562
2010-08-02,84.69134521484375
2010-08-03,84.2857894897461
2010-08-04,84.84910583496094
2010-08-05,84.75891876220703
2010-08-06,84.41346740722656
2010-08-09,84.86412811279297
2010-08-10,84.4059829711914
2010-08-11,82.09261322021484
2010-08-12,81.58940124511719
2010-08-13,81.34906005859375
2010-08-16,81.31150817871094
2010-08-17,82.31043243408203
2010-08-18,82.460693359375
2010-08-19,81.02610778808594
2010-08-20,80.76324462890625
2010-08-23,80.45525360107422
2010-08-24,79.26107025146484
2010-08-25,79.56903076171875
2010-08-26,79.0357437133789
2010-08-27,80.26002502441406
2010-08-30,79.0958023071289
2010-08-31,79.0958023071289
2010-09-01,81.46175384521484
2010-09-02,82.22030639648438
2010-09-03,83.28683471679688
2010-09-07,82.34798431396484
2010-09-08,82.92636108398438
2010-09-09,83.30936431884766
2010-09-10,83.72998046875
2010-09-13,84.66129302978516
2010-09-14,84.60872650146484
2010-09-15,84.93168640136719
2010-09-16,84.90919494628906
2010-09-17,84.94090270996094
2010-09-20,86.23967742919922
2010-09-21,86.06598663330078
2010-09-22,85.64311981201172
2010-09-23,84.94842529296875
2010-09-24,86.70026397705078
2010-09-27,86.28495025634766
2010-09-28,86.58699035644531
2010-09-29,86.43598937988281
2010-09-30,86.17923736572266
2010-10-01,86.54170227050781
2010-10-04,85.892333984375
2010-10-05,87.6214828491211
2010-10-06,87.61392211914062
2010-10-07,87.5082015991211
2010-10-08,87.9990463256836
2010-10-11,88.08206939697266
2010-10-12,88.35392761230469
2010-10-13,89.04104614257812
2010-10-14,88.69371795654297
2010-10-15,88.87495422363281
2010-10-18,89.3128890991211
2010-10-19,88.14246368408203
2010-10-20,89.00330352783203
2010-10-21,89.19962310791016
2010-10-22,89.36573028564453
2010-10-25,89.63004302978516
2010-10-26,89.64513397216797
2010-10-27,89.3884048461914
2010-10-28,89.40352630615234
2010-10-29,89.47146606445312
2010-11-01,89.50167846679688
2010-11-02,90.2114486694336
2010-11-03,90.57391357421875
2010-11-04,92.31816864013672
2010-11-05,92.6655044555664
2010-11-08,92.49185180664062
2010-11-09,91.82737731933594
2010-11-10,92.19734191894531
2010-11-11,91.85002899169922
2010-11-12,90.76268005371094
2010-11-15,90.6343002319336
2010-11-16,89.2222671508789
2010-11-17,89.26758575439453
2010-11-18,90.58148956298828
2010-11-19,90.83063507080078
2010-11-22,90.75511932373047
2010-11-23,89.44123840332031
2010-11-24,90.76268005371094
2010-11-26,89.70556640625
2010-11-29,89.97740173339844
2010-11-30,89.47146606445312
2010-12-01,91.37432098388672
2010-12-02,92.5447006225586
2010-12-03,92.79388427734375
2010-12-06,92.69573211669922
2010-12-07,92.74860382080078
2010-12-08,93.08836364746094
2010-12-09,93.45082092285156
2010-12-10,93.99449920654297
2010-12-13,94.05491638183594
2010-12-14,94.13796997070312
2010-12-15,93.70752716064453
2010-12-16,94.25121307373047
2010-12-17,94.35218048095703
2010-12-20,94.57994842529297
2010-12-21,95.1795425415039
2010-12-22,95.4756088256836
2010-12-23,95.33897399902344
2010-12-27,95.376953125
2010-12-28,95.51355743408203
2010-12-29,95.58187103271484
2010-12-30,95.4300537109375
2010-12-31,95.45283508300781
2011-01-03,96.43959045410156
2011-01-04,96.38650512695312
2011-01-05,96.88746643066406
2011-01-06,96.69770050048828
2011-01-07,96.5079345703125
2011-01-10,96.38650512695312
2011-01-11,96.7280502319336
2011-01-12,97.60099029541016
2011-01-13,97.44159698486328
2011-01-14,98.14753723144531
2011-01-18,98.31451416015625
2011-01-19,97.35051727294922
2011-01-20,97.22147369384766
2011-01-21,97.44159698486328
2011-01-24,97.99571990966797
2011-01-25,98.048828125
2011-01-26,98.42838287353516
2011-01-27,98.67130279541016
2011-01-28,96.94819641113281
2011-01-31,97.6769027709961
2011-02-01,99.2405776977539
2011-02-02,99.05082702636719
2011-02-03,99.27094268798828
2011-02-04,99.55180358886719
2011-02-07,100.17425537109375
2011-02-08,100.62969207763672
2011-02-09,100.40196228027344
2011-02-10,100.43994903564453
2011-02-11,101.03956604003906
2011-02-14,101.28242492675781
2011-02-15,100.96366119384766
2011-02-16,101.6012954711914
2011-02-17,101.90491485595703
2011-02-18,102.117431640625
2011-02-22,100.06800842285156
2011-02-23,99.45313262939453
2011-02-24,99.38482666015625
2011-02-25,100.44750213623047
2011-02-28,101.0699234008789
2011-03-01,99.38482666015625
2011-03-02,99.59733581542969
2011-03-03,101.31282043457031
2011-03-04,100.55380249023438
2011-03-07,99.7643814086914
2011-03-08,100.63724517822266
2011-03-09,100.49305725097656
2011-03-10,98.63334655761719
2011-03-11,99.31651306152344
2011-03-14,98.71683502197266
2011-03-15,97.5858154296875
2011-03-16,95.77922821044922
2011-03-17,97.04689025878906
2011-03-18,97.39985656738281
2011-03-21,98.90936279296875
2011-03-22,98.56629180908203
2011-03-23,98.84834289550781
2011-03-24,99.7937240600586
2011-03-25,100.09862518310547
2011-03-28,99.85467529296875
2011-03-29,100.52557373046875
2011-03-30,101.21932220458984
2011-03-31,101.08208465576172
2011-04-01,101.50898742675781
2011-04-04,101.59284973144531
2011-04-05,101.57763671875
2011-04-06,101.89783477783203
2011-04-07,101.63863372802734
2011-04-08,101.2879409790039
2011-04-11,100.98296356201172
2011-04-12,100.22824096679688
2011-04-13,100.22061157226562
2011-04-14,100.29682159423828
2011-04-15,100.66278076171875
2011-04-18,99.53448486328125
2011-04-19,100.10623168945312
2011-04-20,101.47093200683594
2011-04-21,101.98928833007812
2011-04-25,101.88255310058594
2011-04-26,102.7592544555664
2011-04-27,103.43019104003906
2011-04-28,103.76555633544922
2011-04-29,104.00957489013672
2011-05-02,103.84947967529297
2011-05-03,103.47591400146484
2011-05-04,102.78977966308594
2011-05-05,101.85968017578125
2011-05-06,102.30947875976562
2011-05-09,102.70591735839844
2011-05-10,103.5826416015625
2011-05-11,102.49244689941406
2011-05-12,102.98037719726562
2011-05-13,102.18751525878906
2011-05-16,101.53949737548828
2011-05-17,101.52426147460938
2011-05-18,102.43145751953125
2011-05-19,102.6754150390625
2011-05-20,101.85968017578125
2011-05-23,100.67803192138672
2011-05-24,100.59415435791016
2011-05-25,100.92961883544922
2011-05-26,101.39464569091797
2011-05-27,101.78345489501953
2011-05-31,102.84312438964844
2011-06-01,100.53317260742188
2011-06-02,100.42648315429688
2011-06-03,99.42776489257812
2011-06-06,98.37569427490234
2011-06-07,98.31470489501953
2011-06-08,97.90299987792969
2011-06-09,98.65015411376953
2011-06-10,97.27787780761719
2011-06-13,97.3541030883789
2011-06-14,98.58917999267578
2011-06-15,96.83572387695312
2011-06-16,97.0491714477539
2011-06-17,97.3387451171875
2011-06-20,97.83675384521484
2011-06-21,99.1775131225586
2011-06-22,98.5799331665039
2011-06-23,98.29644012451172
2011-06-24,97.15489959716797
2011-06-27,98.02066802978516
2011-06-28,99.30009460449219
2011-06-29,100.15052032470703
2011-06-30,101.10821533203125
2011-07-01,102.6021728515625
2011-07-05,102.51790618896484
2011-07-06,102.6405258178711
2011-07-07,103.70538330078125
2011-07-08,102.96990966796875
2011-07-11,101.10821533203125
2011-07-12,100.67150115966797
2011-07-13,101.00860595703125
2011-07-14,100.3114242553711
2011-07-15,100.8936996459961
2011-07-18,100.06625366210938
2011-07-19,101.69048309326172
2011-07-20,101.62918090820312
2011-07-21,103.03890991210938
2011-07-22,103.10785675048828
2011-07-25,102.5332260131836
2011-07-26,102.150146484375
2011-07-27,100.0585708618164
2011-07-28,99.76746368408203
2011-07-29,99.08557891845703
2011-08-01,98.66422271728516
2011-08-02,96.14359283447266
2011-08-03,96.66455078125
2011-08-04,92.13664245605469
2011-08-05,91.99872589111328
2011-08-08,86.00747680664062
2011-08-09,90.00674438476562
2011-08-10,86.0304946899414
2011-08-11,89.8918685913086
2011-08-12,90.49710083007812
2011-08-15,92.41244506835938
2011-08-16,91.62335968017578
2011-08-17,91.68463897705078
2011-08-18,87.73131561279297
2011-08-19,86.29862976074219
2011-08-22,86.36758422851562
2011-08-23,89.20996856689453
2011-08-24,90.46646118164062
2011-08-25,89.08737182617188
2011-08-26,90.38215637207031
2011-08-29,92.9793930053711
2011-08-30,93.22457122802734
2011-08-31,93.63829040527344
2011-09-01,92.65763854980469
2011-09-02,90.29023742675781
2011-09-06,89.63134765625
2011-09-07,92.1596450805664
2011-09-08,91.20195007324219
2011-09-09,88.81156921386719
2011-09-12,89.38618469238281
2011-09-13,90.20597076416016
2011-09-14,91.45475769042969
2011-09-15,93.03304290771484
2011-09-16,93.58367156982422
2011-09-19,92.65180969238281
2011-09-20,92.54401397705078
2011-09-21,89.81780242919922
2011-09-22,86.91449737548828
2011-09-23,87.43822479248047
2011-09-26,89.51752471923828
2011-09-27,90.51864624023438
2011-09-28,88.67037963867188
2011-09-29,89.37118530273438
2011-09-30,87.13783264160156
2011-10-03,84.65811157226562
2011-10-04,86.51404571533203
2011-10-05,88.11591339111328
2011-10-06,89.7099838256836
2011-10-07,89.10931396484375
2011-10-10,92.0896224975586
2011-10-11,92.18206024169922
2011-10-12,92.99063873291016
2011-10-13,92.80584716796875
2011-10-14,94.3922348022461
2011-10-17,92.59021759033203
2011-10-18,94.39998626708984
2011-10-19,93.28331756591797
2011-10-20,93.69148254394531
2011-10-21,95.47044372558594
2011-10-24,96.64097595214844
2011-10-25,94.76194763183594
2011-10-26,95.72457122802734
2011-10-27,99.05912780761719
2011-10-28,99.03601837158203
2011-10-31,96.64869689941406
2011-11-01,93.95330810546875
2011-11-02,95.48582458496094
2011-11-03,97.22626495361328
2011-11-04,96.6333236694336
2011-11-07,97.23396301269531
2011-11-08,98.48155975341797
2011-11-09,94.84664154052734
2011-11-10,95.73993682861328
2011-11-11,97.54203033447266
2011-11-14,96.61787414550781
2011-11-15,97.09536743164062
2011-11-16,95.55512237548828
2011-11-17,94.03801727294922
2011-11-18,93.93791198730469
2011-11-21,92.15127563476562
2011-11-22,91.78929901123047
2011-11-23,89.763916015625
2011-11-25,89.59449768066406
2011-11-28,92.18977355957031
2011-11-29,92.4516372680664
2011-11-30,96.25592041015625
2011-12-01,96.24053192138672
2011-12-02,96.15583038330078
2011-12-05,97.20315551757812
2011-12-06,97.23396301269531
2011-12-07,97.59591674804688
2011-12-08,95.45500946044922
2011-12-09,97.07223510742188
2011-12-12,95.65526580810547
2011-12-13,94.76194763183594
2011-12-14,93.75306701660156
2011-12-15,94.09193420410156
2011-12-16,94.23145294189453
2011-12-19,93.22393798828125
2011-12-20,96.04490661621094
2011-12-21,96.2309341430664
2011-12-22,97.08338928222656
2011-12-23,97.95140838623047
2011-12-27,98.02889251708984
2011-12-28,96.74240112304688
2011-12-29,97.7421646118164
2011-12-30,97.26165771484375
2012-01-03,98.81163787841797
2012-01-04,98.9666519165039
2012-01-05,99.23009490966797
2012-01-06,98.97437286376953
2012-01-09,99.21464538574219
2012-01-10,100.07492065429688
2012-01-11,100.129150390625
2012-01-12,100.3693618774414
2012-01-13,99.85013580322266
2012-01-17,100.23760986328125
2012-01-18,101.34587097167969
2012-01-19,101.88064575195312
2012-01-20,102.26036834716797
2012-01-23,101.99688720703125
2012-01-24,101.88064575195312
2012-01-25,102.73312377929688
2012-01-26,102.20611572265625
2012-01-27,102.15961456298828
2012-01-30,101.81087493896484
2012-01-31,101.77208709716797
2012-02-01,102.66336059570312
2012-02-02,102.82611083984375
2012-02-03,104.267578125
2012-02-06,104.19783020019531
2012-02-07,104.4613265991211
2012-02-08,104.77136993408203
2012-02-09,104.90309143066406
2012-02-10,104.12808990478516
2012-02-13,104.90309143066406
2012-02-14,104.77136993408203
2012-02-15,104.28309631347656
2012-02-16,105.43783569335938
2012-02-17,105.7168197631836
2012-02-21,105.7633285522461
2012-02-22,105.42233276367188
2012-02-23,105.8873062133789
2012-02-24,106.11980438232422
2012-02-27,106.29808044433594
2012-02-28,106.60806274414062
2012-02-29,106.18955993652344
2012-03-01,106.73983764648438
2012-03-02,106.41433715820312
2012-03-05,105.9803466796875
2012-03-06,104.4303207397461
2012-03-07,105.15882110595703
2012-03-08,106.20508575439453
2012-03-09,106.61583709716797
2012-03-12,106.62359619140625
2012-03-13,108.54557800292969
2012-03-14,108.42932891845703
2012-03-15,109.05705261230469
2012-03-16,109.20803833007812
2012-03-19,109.63617706298828
2012-03-20,109.3170166015625
2012-03-21,109.13803100585938
2012-03-22,108.35185241699219
2012-03-23,108.70210266113281
2012-03-26,110.22773742675781
2012-03-27,109.88528442382812
2012-03-28,109.34037780761719
2012-03-29,109.15355682373047
2012-03-30,109.60503387451172
2012-04-02,110.40674591064453
2012-04-03,109.955322265625
2012-04-04,108.8656005859375
2012-04-05,108.81107330322266
2012-04-09,107.58895874023438
2012-04-10,105.78314971923828
2012-04-11,106.63935089111328
2012-04-12,108.03266143798828
2012-04-13,106.74833679199219
2012-04-16,106.67830657958984
2012-04-17,108.25843811035156
2012-04-18,107.89259338378906
2012-04-19,107.1998062133789
2012-04-20,107.37886047363281
2012-04-23,106.47591400146484
2012-04-24,106.88069915771484
2012-04-25,108.34405517578125
2012-04-26,109.09906005859375
2012-04-27,109.27810668945312
2012-04-30,108.87339782714844
2012-05-01,109.55056762695312
2012-05-02,109.2236328125
2012-05-03,108.3907241821289
2012-05-04,106.63935089111328
2012-05-07,106.71717834472656
2012-05-08,106.2890625
2012-05-09,105.65861511230469
2012-05-10,105.8765640258789
2012-05-11,105.55743408203125
2012-05-14,104.3898696899414
2012-05-15,103.79046630859375
2012-05-16,103.39349365234375
2012-05-17,101.8600845336914
2012-05-18,100.98825073242188
2012-05-21,102.72410583496094
2012-05-22,102.90310668945312
2012-05-23,102.95759582519531
2012-05-24,103.15995788574219
2012-05-25,102.82528686523438
2012-05-29,104.07064819335938
2012-05-30,102.56061553955078
2012-05-31,102.33489227294922
2012-06-01,99.75839233398438
2012-06-04,99.7116928100586
2012-06-05,100.46675872802734
2012-06-06,102.72410583496094
2012-06-07,102.78634643554688
2012-06-08,103.60366821289062
2012-06-11,102.28816986083984
2012-06-12,103.4635238647461
2012-06-13,102.8019027709961
2012-06-14,103.89169311523438
2012-06-15,104.9542236328125
2012-06-18,105.15760040283203
2012-06-19,106.17475891113281
2012-06-20,106.00263214111328
2012-06-21,103.62406158447266
2012-06-22,104.42213439941406
2012-06-25,102.74776458740234
2012-06-26,103.26416778564453
2012-06-27,104.19523620605469
2012-06-28,103.89791107177734
2012-06-29,106.48779296875
2012-07-02,106.80853271484375
2012-07-03,107.51270294189453
2012-07-05,107.02761840820312
2012-07-06,106.0104751586914
2012-07-09,105.87749481201172
2012-07-10,104.9542236328125
2012-07-11,104.9698715209961
2012-07-12,104.46125030517578
2012-07-13,106.21391296386719
2012-07-16,105.9635009765625
2012-07-17,106.69120788574219
2012-07-18,107.4814224243164
2012-07-19,107.76311492919922
2012-07-20,106.77723693847656
2012-07-23,105.69745635986328
2012-07-24,104.78985595703125
2012-07-25,104.81339263916016
2012-07-26,106.54251861572266
2012-07-27,108.50640106201172
2012-07-30,108.50640106201172
2012-07-31,107.7474594116211
2012-08-01,107.65351867675781
2012-08-02,106.91022491455078
2012-08-03,109.03060150146484
2012-08-06,109.24189758300781
2012-08-07,109.7895736694336
2012-08-08,109.9225845336914
2012-08-09,110.01644134521484
2012-08-10,110.1964111328125
2012-08-13,110.14165496826172
2012-08-14,110.1573257446289
2012-08-15,110.28247833251953
2012-08-16,111.09626770019531
2012-08-17,111.24485778808594
2012-08-20,111.25273132324219
2012-08-21,110.91624450683594
2012-08-22,110.96321105957031
2012-08-23,110.0555648803711
2012-08-24,110.72066497802734
2012-08-27,110.74411010742188
2012-08-28,110.63456726074219
2012-08-29,110.72066497802734
2012-08-30,109.9225845336914
2012-08-31,110.44681549072266
2012-09-04,110.3451156616211
2012-09-05,110.25119018554688
2012-09-06,112.4888687133789
2012-09-07,112.92704010009766
2012-09-10,112.28545379638672
2012-09-11,112.5985107421875
2012-09-12,112.97401428222656
2012-09-13,114.69535064697266
2012-09-14,115.20394897460938
2012-09-17,114.8127212524414
2012-09-18,114.71883392333984
2012-09-19,114.78144073486328
2012-09-20,114.78925323486328
2012-09-21,114.74125671386719
2012-09-24,114.56822204589844
2012-09-25,113.3489990234375
2012-09-26,112.71182250976562
2012-09-27,113.77371978759766
2012-09-28,113.2467269897461
2012-10-01,113.54566192626953
2012-10-02,113.66366577148438
2012-10-03,114.12771606445312
2012-10-04,114.94576263427734
2012-10-05,114.95362091064453
2012-10-08,114.56037139892578
2012-10-09,113.4276351928711
2012-10-10,112.7039794921875
2012-10-11,112.76695251464844
2012-10-12,112.39715576171875
2012-10-15,113.3332748413086
2012-10-16,114.48168182373047
2012-10-17,115.00086975097656
2012-10-18,114.701904296875
2012-10-19,112.79049682617188
2012-10-22,112.80625915527344
2012-10-23,111.24088287353516
2012-10-24,110.92630004882812
2012-10-25,111.24877166748047
2012-10-26,111.18588256835938
2012-10-31,111.18588256835938
2012-11-01,112.34999084472656
2012-11-02,111.35100555419922
2012-11-05,111.5791015625
2012-11-06,112.45227813720703
2012-11-07,109.90370178222656
2012-11-08,108.58220672607422
2012-11-09,108.67658233642578
2012-11-12,108.76309204101562
2012-11-13,108.38551330566406
2012-11-14,106.92245483398438
2012-11-15,106.74151611328125
2012-11-16,107.2685317993164
2012-11-19,109.43958282470703
2012-11-20,109.48677825927734
2012-11-21,109.69127655029297
2012-11-23,111.18588256835938
2012-11-26,110.94985961914062
2012-11-27,110.38349151611328
2012-11-28,111.27239227294922
2012-11-29,111.79151916503906
2012-11-30,111.81512451171875
2012-12-03,111.26448822021484
2012-12-04,111.107177734375
2012-12-05,111.30384063720703
2012-12-06,111.68141174316406
2012-12-07,112.01959991455078
2012-12-10,112.06686401367188
2012-12-11,112.82979583740234
2012-12-12,112.88485717773438
2012-12-13,112.1927261352539
2012-12-14,111.7757568359375
2012-12-17,113.08936309814453
2012-12-18,114.34796905517578
2012-12-19,113.4984359741211
2012-12-20,114.15132141113281
2012-12-21,113.11515045166016
2012-12-24,112.7665786743164
2012-12-26,112.29126739501953
2012-12-27,112.14073944091797
2012-12-28,110.92876434326172
2012-12-31,112.81410217285156
2013-01-02,115.70556640625
2013-01-03,115.44417572021484
2013-01-04,115.95111083984375
2013-01-07,115.6342544555664
2013-01-08,115.30158233642578
2013-01-09,115.59468078613281
2013-01-10,116.51356506347656
2013-01-11,116.50567626953125
2013-01-14,116.42645263671875
2013-01-15,116.50567626953125
2013-01-16,116.48983764648438
2013-01-17,117.24237823486328
2013-01-18,117.50382232666016
2013-01-22,118.13755798339844
2013-01-23,118.3276596069336
2013-01-24,118.35938262939453
2013-01-25,119.02477264404297
2013-01-28,118.88224029541016
2013-01-29,119.34960174560547
2013-01-30,118.88224029541016
2013-01-31,118.58906555175781
2013-02-01,119.80904388427734
2013-02-04,118.46237182617188
2013-02-05,119.6585464477539
2013-02-06,119.74568939208984
2013-02-07,119.58723449707031
2013-02-08,120.252685546875
2013-02-11,120.22891998291016
2013-02-12,120.42696380615234
2013-02-13,120.52995300292969
2013-02-14,120.64082336425781
2013-02-15,120.49824523925781
2013-02-19,121.40135955810547
2013-02-20,119.8882827758789
2013-02-21,119.15945434570312
2013-02-22,120.3239517211914
2013-02-25,118.03457641601562
2013-02-26,118.84259796142578
2013-02-27,120.33982849121094
2013-02-28,120.10215759277344
2013-03-01,120.49824523925781
2013-03-04,121.13993072509766
2013-03-05,122.22516632080078
2013-03-06,122.39156341552734
2013-03-07,122.61334991455078
2013-03-08,123.13618469238281
2013-03-11,123.60358428955078
2013-03-12,123.32628631591797
2013-03-13,123.50061798095703
2013-03-14,124.15811920166016
2013-03-15,123.99421691894531
2013-03-18,123.30987548828125
2013-03-19,123.02347564697266
2013-03-20,123.88277435302734
2013-03-21,122.8245620727539
2013-03-22,123.81118774414062
2013-03-25,123.2939682006836
2013-03-26,124.28063201904297
2013-03-27,124.28063201904297
2013-03-28,124.66251373291016
2013-04-01,124.16923522949219
2013-04-02,124.78195190429688
2013-04-03,123.51681518554688
2013-04-04,124.0180435180664
2013-04-05,123.4610366821289
2013-04-08,124.29656982421875
2013-04-09,124.72624969482422
2013-04-10,126.25395202636719
2013-04-11,126.66777801513672
2013-04-12,126.35746002197266
2013-04-15,123.42927551269531
2013-04-16,125.25141906738281
2013-04-17,123.42127990722656
2013-04-18,122.64948272705078
2013-04-19,123.71562957763672
2013-04-22,124.2646713256836
2013-04-23,125.54580688476562
2013-04-24,125.6253890991211
2013-04-25,126.1346435546875
2013-04-26,125.91181182861328
2013-04-29,126.75529479980469
2013-04-30,127.05767059326172
2013-05-01,125.94367980957031
2013-05-02,127.1134262084961
2013-05-03,128.4023895263672
2013-05-06,128.72860717773438
2013-05-07,129.381103515625
2013-05-08,129.96994018554688
2013-05-09,129.6039276123047
2013-05-10,130.02565002441406
2013-05-13,130.12904357910156
2013-05-14,131.47381591796875
2013-05-15,132.1819610595703
2013-05-16,131.56129455566406
2013-05-17,132.83441162109375
2013-05-20,132.82644653320312
2013-05-21,133.01742553710938
2013-05-22,132.03077697753906
2013-05-23,131.6488494873047
2013-05-24,131.53744506835938
2013-05-28,132.32521057128906
2013-05-29,131.4658203125
2013-05-30,131.95118713378906
2013-05-31,130.05740356445312
2013-06-03,130.77357482910156
2013-06-04,130.14495849609375
2013-06-05,128.32284545898438
2013-06-06,129.4845733642578
2013-06-07,131.13165283203125
2013-06-10,131.13165283203125
2013-06-11,129.7789764404297
2013-06-12,128.7047576904297
2013-06-13,130.6621856689453
2013-06-14,129.8426055908203
2013-06-17,130.84519958496094
2013-06-18,131.87960815429688
2013-06-19,130.05740356445312
2013-06-20,126.83487701416016
2013-06-21,127.2420654296875
2013-06-24,125.63414764404297
2013-06-25,126.84207916259766
2013-06-26,128.09788513183594
2013-06-27,128.84991455078125
2013-06-28,128.32186889648438
2013-07-01,129.07382202148438
2013-07-02,128.95382690429688
2013-07-03,129.0098419189453
2013-07-05,130.40164184570312
2013-07-08,131.14556884765625
2013-07-09,132.08946228027344
2013-07-10,132.13746643066406
2013-07-11,133.937255859375
2013-07-12,133.99330139160156
2013-07-15,134.5052032470703
2013-07-16,134.00120544433594
2013-07-17,134.34527587890625
2013-07-18,135.08114624023438
2013-07-19,135.32115173339844
2013-07-22,135.58509826660156
2013-07-23,135.29708862304688
2013-07-24,134.80116271972656
2013-07-25,135.12913513183594
2013-07-26,135.27317810058594
2013-07-29,134.857177734375
2013-07-30,134.857177734375
2013-07-31,134.95321655273438
2013-08-01,136.51300048828125
2013-08-02,136.74501037597656
2013-08-05,136.54495239257812
2013-08-06,135.76905822753906
2013-08-07,135.32911682128906
2013-08-08,135.82510375976562
2013-08-09,135.43309020996094
2013-08-12,135.27317810058594
2013-08-13,135.673095703125
2013-08-14,134.9771728515625
2013-08-15,133.08938598632812
2013-08-16,132.6494140625
2013-08-19,131.8015594482422
2013-08-20,132.449462890625
2013-08-21,131.63357543945312
2013-08-22,132.83335876464844
2013-08-23,133.28135681152344
2013-08-26,132.78536987304688
2013-08-27,130.64967346191406
2013-08-28,131.1136474609375
2013-08-29,131.321533203125
2013-08-30,130.90557861328125
2013-09-03,131.49752807617188
2013-09-04,132.58547973632812
2013-09-05,132.75340270996094
2013-09-06,132.8173828125
2013-09-09,134.0892791748047
2013-09-10,135.08114624023438
2013-09-11,135.5050811767578
2013-09-12,135.14515686035156
2013-09-13,135.4490509033203
2013-09-16,136.23304748535156
2013-09-17,136.8409423828125
2013-09-18,138.4247589111328
2013-09-19,138.19281005859375
2013-09-20,137.22659301757812
2013-09-23,136.5915985107422
2013-09-24,136.27011108398438
2013-09-25,135.87623596191406
2013-09-26,136.39869689941406
2013-09-27,135.7716827392578
2013-09-30,135.0482940673828
2013-10-01,136.1173553466797
2013-10-02,135.98878479003906
2013-10-03,134.73483276367188
2013-10-04,135.7556610107422
2013-10-07,134.58204650878906
2013-10-08,133.0146942138672
2013-10-09,133.1111602783203
2013-10-10,135.98072814941406
2013-10-11,136.8568878173828
2013-10-14,137.40347290039062
2013-10-15,136.40675354003906
2013-10-16,138.3118133544922
2013-10-17,139.2361297607422
2013-10-18,140.17660522460938
2013-10-21,140.18466186523438
2013-10-22,140.99649047851562
2013-10-23,140.32130432128906
2013-10-24,140.7875213623047
2013-10-25,141.43055725097656
2013-10-28,141.6556854248047
2013-10-29,142.41116333007812
2013-10-30,141.70384216308594
2013-10-31,141.30191040039062
2013-11-01,141.63958740234375
2013-11-04,142.13790893554688
2013-11-05,141.68775939941406
2013-11-06,142.41116333007812
2013-11-07,140.61068725585938
2013-11-08,142.50767517089844
2013-11-11,142.53175354003906
2013-11-12,142.24244689941406
2013-11-13,143.3838348388672
2013-11-14,144.0991973876953
2013-11-15,144.7261505126953
2013-11-18,144.21975708007812
2013-11-19,143.9062957763672
2013-11-20,143.45614624023438
2013-11-21,144.61363220214844
2013-11-22,145.33705139160156
2013-11-25,145.1923828125
2013-11-26,145.23263549804688
2013-11-27,145.5862579345703
2013-11-29,145.48983764648438
2013-12-02,145.11203002929688
2013-12-03,144.48509216308594
2013-12-04,144.46896362304688
2013-12-05,143.8339080810547
2013-12-06,145.4416046142578
2013-12-09,145.8113250732422
2013-12-10,145.2888641357422
2013-12-11,143.6571044921875
2013-12-12,143.18287658691406
2013-12-13,143.1667938232422
2013-12-16,144.0590057373047
2013-12-17,143.60086059570312
2013-12-18,146.0524444580078
2013-12-19,145.8836669921875
2013-12-20,146.73228454589844
2013-12-23,147.51622009277344
2013-12-24,147.83944702148438
2013-12-26,148.59100341796875
2013-12-27,148.5830078125
2013-12-30,148.5587615966797
2013-12-31,149.26187133789062
2014-01-02,147.83135986328125
2014-01-03,147.80712890625
2014-01-06,147.3787841796875
2014-01-07,148.28395080566406
2014-01-08,148.31626892089844
2014-01-09,148.4132537841797
2014-01-10,148.81736755371094
2014-01-13,146.83737182617188
2014-01-14,148.43751525878906
2014-01-15,149.23760986328125
2014-01-16,149.04364013671875
2014-01-17,148.4132537841797
2014-01-21,148.84967041015625
2014-01-22,148.9466552734375
2014-01-23,147.72628784179688
2014-01-24,144.57444763183594
2014-01-27,143.86322021484375
2014-01-28,144.71995544433594
2014-01-29,143.32980346679688
2014-01-30,144.84921264648438
2014-01-31,144.00064086914062
2014-02-03,140.75982666015625
2014-02-04,141.745849609375
2014-02-05,141.5680389404297
2014-02-06,143.43490600585938
2014-02-07,145.21295166015625
2014-02-10,145.4795684814453
2014-02-11,147.07168579101562
2014-02-12,147.14437866210938
2014-02-13,147.90408325195312
2014-02-14,148.7204132080078
2014-02-18,148.89816284179688
2014-02-19,147.9121856689453
2014-02-20,148.7850799560547
2014-02-21,148.61532592773438
2014-02-24,149.4396514892578
2014-02-25,149.38308715820312
2014-02-26,149.39114379882812
2014-02-27,150.17510986328125
2014-02-28,150.55496215820312
2014-03-03,149.49618530273438
2014-03-04,151.59744262695312
2014-03-05,151.73484802246094
2014-03-06,152.0823974609375
2014-03-07,152.14703369140625
2014-03-10,152.06625366210938
2014-03-11,151.31459045410156
2014-03-12,151.35499572753906
2014-03-13,149.6578826904297
2014-03-14,149.23760986328125
2014-03-17,150.5872344970703
2014-03-18,151.66213989257812
2014-03-19,150.85397338867188
2014-03-20,151.73484802246094
2014-03-21,151.1463623046875
2014-03-24,150.5212860107422
2014-03-25,151.2356414794922
2014-03-26,150.14791870117188
2014-03-27,149.8313446044922
2014-03-28,150.5699920654297
2014-03-31,151.80384826660156
2014-04-01,152.81045532226562
2014-04-02,153.3218536376953
2014-04-03,153.11888122558594
2014-04-04,151.3086700439453
2014-04-07,149.63650512695312
2014-04-08,150.25341796875
2014-04-09,151.86875915527344
2014-04-10,148.67861938476562
2014-04-11,147.3392791748047
2014-04-14,148.5001220703125
2014-04-15,149.52285766601562
2014-04-16,151.0895538330078
2014-04-17,151.30064392089844
2014-04-21,151.82821655273438
2014-04-22,152.51817321777344
2014-04-23,152.16098022460938
2014-04-24,152.46946716308594
2014-04-25,151.21939086914062
2014-04-28,151.6983184814453
2014-04-29,152.40451049804688
2014-04-30,152.85910034179688
2014-05-01,152.8753662109375
2014-05-02,152.65618896484375
2014-05-05,152.9484405517578
2014-05-06,151.61720275878906
2014-05-07,152.51004028320312
2014-05-08,152.34765625
2014-05-09,152.57498168945312
2014-05-12,154.06051635742188
2014-05-13,154.19847106933594
2014-05-14,153.4679412841797
2014-05-15,152.1204833984375
2014-05-16,152.64804077148438
2014-05-19,153.20819091796875
2014-05-20,152.2422332763672
2014-05-21,153.5247344970703
2014-05-22,153.89817810058594
2014-05-23,154.51510620117188
2014-05-27,155.46481323242188
2014-05-28,155.3511962890625
2014-05-29,156.15476989746094
2014-05-30,156.40643310546875
2014-06-02,156.58502197265625
2014-06-03,156.50387573242188
2014-06-04,156.82040405273438
2014-06-05,157.84323120117188
2014-06-06,158.59815979003906
2014-06-09,158.76046752929688
2014-06-10,158.7766876220703
2014-06-11,158.22476196289062
2014-06-12,157.10450744628906
2014-06-13,157.5834503173828
2014-06-16,157.71334838867188
2014-06-17,158.15170288085938
2014-06-18,159.31243896484375
2014-06-19,159.4910430908203
2014-06-20,159.8148651123047
2014-06-23,159.76589965820312
2014-06-24,158.803466796875
2014-06-25,159.52125549316406
2014-06-26,159.4070281982422
2014-06-27,159.71694946289062
2014-06-30,159.63546752929688
2014-07-01,160.703857421875
2014-07-02,160.8670196533203
2014-07-03,161.65814208984375
2014-07-07,161.09539794921875
2014-07-08,160.0595245361328
2014-07-09,160.77734375
2014-07-10,160.14111328125
2014-07-11,160.3613739013672
2014-07-14,161.16885375976562
2014-07-15,160.8670196533203
2014-07-16,161.46238708496094
2014-07-17,159.62725830078125
2014-07-18,161.2584991455078
2014-07-21,160.95677185058594
2014-07-22,161.65814208984375
2014-07-23,162.0170440673828
2014-07-24,162.0252227783203
2014-07-25,161.26666259765625
2014-07-28,161.33200073242188
2014-07-29,160.63864135742188
2014-07-30,160.66311645507812
2014-07-31,157.4902801513672
2014-08-01,157.0090789794922
2014-08-04,158.14283752441406
2014-08-05,156.609375
2014-08-06,156.6583251953125
2014-08-07,155.8101043701172
2014-08-08,157.61264038085938
2014-08-11,158.0694122314453
2014-08-12,157.8491668701172
2014-08-13,158.9176483154297
2014-08-14,159.66807556152344
2014-08-15,159.63546752929688
2014-08-18,160.97303771972656
2014-08-19,161.8131103515625
2014-08-20,162.24542236328125
2014-08-21,162.7184600830078
2014-08-22,162.46566772460938
2014-08-25,163.28945922851562
2014-08-26,163.39552307128906
2014-08-27,163.3302459716797
2014-08-28,163.2404327392578
2014-08-29,163.70541381835938
2014-09-02,163.6239013671875
2014-09-03,163.53414916992188
2014-09-04,163.297607421875
2014-09-05,164.0316162109375
2014-09-08,163.60751342773438
2014-09-09,162.5716552734375
2014-09-10,163.18344116210938
2014-09-11,163.3710174560547
2014-09-12,162.41668701171875
2014-09-15,162.29437255859375
2014-09-16,163.5177764892578
2014-09-17,163.73802185058594
2014-09-18,164.6107635498047
2014-09-19,164.46240234375
2014-09-22,163.1923065185547
2014-09-23,162.2581787109375
2014-09-24,163.5283203125
2014-09-25,160.88966369628906
2014-09-26,162.16802978515625
2014-09-29,161.87295532226562
2014-09-30,161.4469451904297
2014-10-01,159.25900268554688
2014-10-02,159.28355407714844
2014-10-03,161.03717041015625
2014-10-06,160.84869384765625
2014-10-07,158.3657989501953
2014-10-08,161.13548278808594
2014-10-09,157.9396209716797
2014-10-10,156.13694763183594
2014-10-13,153.57205200195312
2014-10-14,153.8096466064453
2014-10-15,152.7689971923828
2014-10-16,152.63792419433594
2014-10-17,154.440673828125
2014-10-20,155.94021606445312
2014-10-21,159.029541015625
2014-10-22,157.89871215820312
2014-10-23,159.7342071533203
2014-10-24,160.96340942382812
2014-10-27,160.7421875
2014-10-28,162.58592224121094
2014-10-29,162.34010314941406
2014-10-30,163.3808135986328
2014-10-31,165.24911499023438
2014-11-03,165.3392791748047
2014-11-04,164.76564025878906
2014-11-05,165.80633544921875
2014-11-06,166.4700469970703
2014-11-07,166.6258544921875
2014-11-10,167.15025329589844
2014-11-11,167.3140869140625
2014-11-12,167.1337890625
2014-11-13,167.32229614257812
2014-11-14,167.36337280273438
2014-11-17,167.4698486328125
2014-11-18,168.43675231933594
2014-11-19,168.16636657714844
2014-11-20,168.46136474609375
2014-11-21,169.3627471923828
2014-11-24,169.83802795410156
2014-11-25,169.71510314941406
2014-11-26,170.1493682861328
2014-11-28,169.788818359375
2014-12-01,168.60887145996094
2014-12-02,169.6986846923828
2014-12-03,170.354248046875
2014-12-04,170.16578674316406
2014-12-05,170.44439697265625
2014-12-08,169.3053436279297
2014-12-09,169.19065856933594
2014-12-10,166.47830200195312
2014-12-11,167.32229614257812
2014-12-12,164.61813354492188
2014-12-15,163.4873046875
2014-12-16,162.1761932373047
2014-12-17,165.35560607910156
2014-12-18,169.44464111328125
2014-12-19,170.1656494140625
2014-12-22,170.94839477539062
2014-12-23,171.1791229248047
2014-12-24,171.19558715820312
2014-12-26,171.74771118164062
2014-12-29,171.97833251953125
2014-12-30,171.05557250976562
2014-12-31,169.35812377929688
2015-01-02,169.26756286621094
2015-01-05,166.21063232421875
2015-01-06,164.64503479003906
2015-01-07,166.6967010498047
2015-01-08,169.6548309326172
2015-01-09,168.29522705078125
2015-01-12,166.9769287109375
2015-01-13,166.5072479248047
2015-01-14,165.50198364257812
2015-01-15,163.9859161376953
2015-01-16,166.13644409179688
2015-01-20,166.49073791503906
2015-01-21,167.33116149902344
2015-01-22,169.81954956054688
2015-01-23,168.8884735107422
2015-01-26,169.28402709960938
2015-01-27,167.05105590820312
2015-01-28,164.90870666503906
2015-01-29,166.43301391601562
2015-01-30,164.3402099609375
2015-02-02,166.3753662109375
2015-02-03,168.7813720703125
2015-02-04,168.1387481689453
2015-02-05,169.8360595703125
2015-02-06,169.36639404296875
2015-02-09,168.6083526611328
2015-02-10,170.40460205078125
2015-02-11,170.50347900390625
2015-02-12,172.14315795898438
2015-02-13,172.8517608642578
2015-02-17,173.12368774414062
2015-02-18,173.14013671875
2015-02-19,173.0165557861328
2015-02-20,174.0547637939453
2015-02-23,174.03005981445312
2015-02-24,174.52442932128906
2015-02-25,174.37611389160156
2015-02-26,174.17018127441406
2015-02-27,173.57688903808594
2015-03-02,174.67276000976562
2015-03-03,173.9558563232422
2015-03-04,173.22250366210938
2015-03-05,173.4120635986328
2015-03-06,170.97311401367188
2015-03-09,171.68177795410156
2015-03-10,168.89675903320312
2015-03-11,168.50125122070312
2015-03-12,170.64356994628906
2015-03-13,169.5971221923828
2015-03-16,171.86300659179688
2015-03-17,171.35218811035156
2015-03-18,173.4120635986328
2015-03-19,172.62107849121094
2015-03-20,174.144775390625
2015-03-23,173.80540466308594
2015-03-24,172.82882690429688
2015-03-25,170.29623413085938
2015-03-26,169.89071655273438
2015-03-27,170.27963256835938
2015-03-30,172.35704040527344
2015-03-31,170.8507080078125
2015-04-01,170.24658203125
2015-04-02,170.85906982421875
2015-04-06,172.00942993164062
2015-04-07,171.55421447753906
2015-04-08,172.13356018066406
2015-04-09,172.89498901367188
2015-04-10,173.8385467529297
2015-04-13,173.05224609375
2015-04-14,173.3833465576172
2015-04-15,174.16134643554688
2015-04-16,174.11163330078125
2015-04-17,172.10873413085938
2015-04-20,173.68128967285156
2015-04-21,173.47434997558594
2015-04-22,174.32684326171875
2015-04-23,174.7655029296875
2015-04-24,175.17100524902344
2015-04-27,174.44271850585938
2015-04-28,174.99725341796875
2015-04-29,174.27719116210938
2015-04-30,172.53082275390625
2015-05-01,174.40133666992188
2015-05-04,174.89788818359375
2015-05-05,172.89498901367188
2015-05-06,172.18324279785156
2015-05-07,172.8701629638672
2015-05-08,175.14620971679688
2015-05-11,174.31028747558594
2015-05-12,173.7888946533203
2015-05-13,173.8219757080078
2015-05-14,175.63450622558594
2015-05-15,175.82484436035156
2015-05-18,176.3711395263672
2015-05-19,176.31324768066406
2015-05-20,176.1890411376953
2015-05-21,176.7021942138672
2015-05-22,176.2800750732422
2015-05-26,174.38479614257812
2015-05-27,176.0400848388672
2015-05-28,175.84144592285156
2015-05-29,174.7489776611328
2015-06-01,175.10482788085938
2015-06-02,174.93104553222656
2015-06-03,175.39453125
2015-06-04,173.9130096435547
2015-06-05,173.61505126953125
2015-06-08,172.54739379882812
2015-06-09,172.5225372314453
2015-06-10,174.59169006347656
2015-06-11,175.15451049804688
2015-06-12,173.81370544433594
2015-06-15,173.06886291503906
2015-06-16,174.0123291015625
2015-06-17,174.29371643066406
2015-06-18,176.10629272460938
2015-06-19,175.32452392578125
2015-06-22,176.22271728515625
2015-06-23,176.34747314453125
2015-06-24,175.0666961669922
2015-06-25,174.53440856933594
2015-06-26,174.5011444091797
2015-06-29,170.84182739257812
2015-06-30,171.19943237304688
2015-07-01,172.57171630859375
2015-07-02,172.41366577148438
2015-07-06,171.92303466796875
2015-07-07,173.004150390625
2015-07-08,170.10162353515625
2015-07-09,170.40933227539062
2015-07-10,172.55508422851562
2015-07-13,174.45953369140625
2015-07-14,175.21641540527344
2015-07-15,175.158203125
2015-07-16,176.563720703125
2015-07-17,176.71340942382812
2015-07-20,176.80491638183594
2015-07-21,176.10629272460938
2015-07-22,175.79025268554688
2015-07-23,174.80056762695312
2015-07-24,172.98756408691406
2015-07-27,171.98117065429688
2015-07-28,174.0936737060547
2015-07-29,175.2912139892578
2015-07-30,175.33282470703125
2015-07-31,175.0666961669922
2015-08-03,174.4761962890625
2015-08-04,174.13526916503906
2015-08-05,174.70907592773438
2015-08-06,173.2786102294922
2015-08-07,172.94593811035156
2015-08-10,175.1249542236328
2015-08-11,173.5447235107422
2015-08-12,173.75267028808594
2015-08-13,173.53646850585938
2015-08-14,174.16845703125
2015-08-17,175.14154052734375
2015-08-18,174.63421630859375
2015-08-19,173.25367736816406
2015-08-20,169.63587951660156
2015-08-21,164.52940368652344
2015-08-24,157.6016387939453
2015-08-25,155.74700927734375
2015-08-26,161.7267303466797
2015-08-27,165.72702026367188
2015-08-28,165.73541259765625
2015-08-31,164.39633178710938
2015-09-01,159.489501953125
2015-09-02,162.51683044433594
2015-09-03,162.63323974609375
2015-09-04,160.17149353027344
2015-09-08,164.1967315673828
2015-09-09,162.0011444091797
2015-09-10,162.8826904296875
2015-09-11,163.62294006347656
2015-09-14,163.01573181152344
2015-09-15,165.0533905029297
2015-09-16,166.48382568359375
2015-09-17,166.10960388183594
2015-09-18,163.3951873779297
2015-09-21,164.239501953125
2015-09-22,162.10763549804688
2015-09-23,161.84852600097656
2015-09-24,161.26332092285156
2015-09-25,161.2216033935547
2015-09-28,157.17535400390625
2015-09-29,157.2672576904297
2015-09-30,160.20159912109375
2015-10-01,160.61964416503906
2015-10-02,163.0189208984375
2015-10-05,165.91983032226562
2015-10-06,165.3513946533203
2015-10-07,166.7056884765625
2015-10-08,168.2104949951172
2015-10-09,168.31076049804688
2015-10-12,168.4696502685547
2015-10-13,167.4079132080078
2015-10-14,166.6053466796875
2015-10-15,169.1634979248047
2015-10-16,169.9325408935547
2015-10-19,170.01620483398438
2015-10-20,169.79885864257812
2015-10-21,168.7454833984375
2015-10-22,171.5962677001953
2015-10-23,173.47720336914062
2015-10-26,173.05093383789062
2015-10-27,172.71646118164062
2015-10-28,174.68101501464844
2015-10-29,174.58071899414062
2015-10-30,173.8283233642578
2015-11-02,175.88485717773438
2015-11-03,176.39483642578125
2015-11-04,175.85975646972656
2015-11-05,175.6842498779297
2015-11-06,175.59226989746094
2015-11-09,173.9537353515625
2015-11-10,174.35504150390625
2015-11-11,173.66946411132812
2015-11-12,171.24508666992188
2015-11-13,169.3223114013672
2015-11-16,171.89715576171875
2015-11-17,171.77183532714844
2015-11-18,174.4971466064453
2015-11-19,174.34666442871094
2015-11-20,174.98204040527344
2015-11-23,174.7814178466797
2015-11-24,175.0154266357422
2015-11-25,174.9904022216797
2015-11-27,175.19102478027344
2015-11-30,174.46371459960938
2015-12-01,176.12728881835938
2015-12-02,174.3299102783203
2015-12-03,171.88877868652344
2015-12-04,175.24111938476562
2015-12-07,174.17941284179688
2015-12-08,173.00906372070312
2015-12-09,171.6630859375
2015-12-10,172.1061553955078
2015-12-11,168.77056884765625
2015-12-14,169.623291015625
2015-12-15,171.40396118164062
2015-12-16,173.91195678710938
2015-12-17,171.2618408203125
2015-12-18,168.21083068847656
2015-12-21,169.59840393066406
2015-12-22,171.1373291015625
2015-12-23,173.25662231445312
2015-12-24,172.97067260742188
2015-12-28,172.5753936767578
2015-12-29,174.41712951660156
2015-12-30,173.180908203125
2015-12-31,171.448486328125
2016-01-04,169.05177307128906
2016-01-05,169.3376922607422
2016-01-06,167.20164489746094
2016-01-07,163.19020080566406
2016-01-08,161.39894104003906
2016-01-11,161.55873107910156
2016-01-12,162.8622589111328
2016-01-13,158.8004150390625
2016-01-14,161.40737915039062
2016-01-15,157.94248962402344
2016-01-19,158.15280151367188
2016-01-20,156.1260223388672
2016-01-21,157.00062561035156
2016-01-22,160.2216033935547
2016-01-25,157.79957580566406
2016-01-26,159.95249938964844
2016-01-27,158.211669921875
2016-01-28,159.03582763671875
2016-01-29,162.9126739501953
2016-02-01,162.8538055419922
2016-02-02,159.91879272460938
2016-02-03,160.87754821777344
2016-02-04,161.12979125976562
2016-02-05,158.06027221679688
2016-02-08,155.93263244628906
2016-02-09,155.9410400390625
2016-02-10,155.80645751953125
2016-02-11,153.7797393798828
2016-02-12,156.95022583007812
2016-02-16,159.59927368164062
2016-02-17,162.2062530517578
2016-02-18,161.5419158935547
2016-02-19,161.4662322998047
2016-02-22,163.80416870117188
2016-02-23,161.7353515625
2016-02-24,162.47535705566406
2016-02-25,164.4432830810547
2016-02-26,164.06480407714844
2016-02-29,162.77813720703125
2016-03-01,166.6045684814453
2016-03-02,167.3530731201172
2016-03-03,168.0089111328125
2016-03-04,168.55557250976562
2016-03-07,168.6901397705078
2016-03-08,166.8483428955078
2016-03-09,167.6725616455078
2016-03-10,167.80714416503906
2016-03-11,170.5150604248047
2016-03-14,170.29635620117188
2016-03-15,170.0188751220703
2016-03-16,171.0028076171875
2016-03-17,172.087646484375
2016-03-18,172.76385498046875
2016-03-21,173.0090789794922
2016-03-22,172.91603088378906
2016-03-23,171.77491760253906
2016-03-24,171.6988067626953
2016-03-28,171.8002471923828
2016-03-29,173.38941955566406
2016-03-30,174.15023803710938
2016-03-31,173.72755432128906
2016-04-01,174.9109344482422
2016-04-04,174.34458923339844
2016-04-05,172.60328674316406
2016-04-06,174.48831176757812
2016-04-07,172.40042114257812
2016-04-08,172.86534118652344
2016-04-11,172.45965576171875
2016-04-12,174.06570434570312
2016-04-13,175.8238983154297
2016-04-14,175.8323516845703
2016-04-15,175.63792419433594
2016-04-18,176.8720703125
2016-04-19,177.42999267578125
2016-04-20,177.5990447998047
2016-04-21,176.64389038085938
2016-04-22,176.64389038085938
2016-04-25,176.33956909179688
2016-04-26,176.6016082763672
2016-04-27,176.96511840820312
2016-04-28,175.35902404785156
2016-04-29,174.41226196289062
2016-05-02,175.7985382080078
2016-05-03,174.26853942871094
2016-05-04,173.29647827148438
2016-05-05,173.2626190185547
2016-05-06,173.8966064453125
2016-05-09,174.04031372070312
2016-05-10,176.20431518554688
2016-05-11,174.55596923828125
2016-05-12,174.60667419433594
2016-05-13,173.08509826660156
2016-05-16,174.7926788330078
2016-05-17,173.1612091064453
2016-05-18,173.21189880371094
2016-05-19,172.6117401123047
2016-05-20,173.7021942138672
2016-05-23,173.46546936035156
2016-05-24,175.7139892578125
2016-05-25,176.9059295654297
2016-05-26,176.95663452148438
2016-05-27,177.71742248535156
2016-05-31,177.37921142578125
2016-06-01,177.74281311035156
2016-06-02,178.2838134765625
2016-06-03,177.75119018554688
2016-06-06,178.6556854248047
2016-06-07,178.93460083007812
2016-06-08,179.51788330078125
2016-06-09,179.27276611328125
2016-06-10,177.57371520996094
2016-06-13,176.20431518554688
2016-06-14,175.85772705078125
2016-06-15,175.612548828125
2016-06-16,176.1366424560547
2016-06-17,175.48069763183594
2016-06-20,176.61083984375
2016-06-21,177.11215209960938
2016-06-22,176.82327270507812
2016-06-23,179.12596130371094
2016-06-24,172.6936798095703
2016-06-27,169.60072326660156
2016-06-28,172.65969848632812
2016-06-29,175.59967041015625
2016-06-30,177.995849609375
2016-07-01,178.36972045898438
2016-07-05,177.08665466308594
2016-07-06,178.14874267578125
2016-07-07,178.03829956054688
2016-07-08,180.6893768310547
2016-07-11,181.32664489746094
2016-07-12,182.64370727539062
2016-07-13,182.61825561523438
2016-07-14,183.63787841796875
2016-07-15,183.39146423339844
2016-07-18,183.88424682617188
2016-07-19,183.69735717773438
2016-07-20,184.4620819091797
2016-07-21,183.7653045654297
2016-07-22,184.58949279785156
2016-07-25,184.0882110595703
2016-07-26,184.17315673828125
2016-07-27,183.97776794433594
2016-07-28,184.190185546875
2016-07-29,184.487548828125
2016-08-01,184.33465576171875
2016-08-02,183.15359497070312
2016-08-03,183.68881225585938
2016-08-04,183.88424682617188
2016-08-05,185.38827514648438
2016-08-08,185.27777099609375
2016-08-09,185.38827514648438
2016-08-10,184.92941284179688
2016-08-11,185.78759765625
2016-08-12,185.6261444091797
2016-08-15,186.1614532470703
2016-08-16,185.20130920410156
2016-08-17,185.54966735839844
2016-08-18,185.96607971191406
2016-08-19,185.69412231445312
2016-08-22,185.68568420410156
2016-08-23,186.05947875976562
2016-08-24,185.10781860351562
2016-08-25,184.98037719726562
2016-08-26,184.6320037841797
2016-08-29,185.54119873046875
2016-08-30,185.2352752685547
2016-08-31,184.70848083496094
2016-09-01,184.71697998046875
2016-09-02,185.54966735839844
2016-09-06,186.1104736328125
2016-09-07,186.0935516357422
2016-09-08,185.6686248779297
2016-09-09,181.22476196289062
2016-09-12,183.8247833251953
2016-09-13,181.18222045898438
2016-09-14,181.1142578125
2016-09-15,182.9241180419922
2016-09-16,182.2169647216797
2016-09-19,182.25119018554688
2016-09-20,182.25970458984375
2016-09-21,184.30931091308594
2016-09-22,185.4707489013672
2016-09-23,184.4544677734375
2016-09-26,182.95997619628906
2016-09-27,184.0957794189453
2016-09-28,185.00958251953125
2016-09-29,183.3357391357422
2016-09-30,184.7191619873047
2016-10-03,184.27513122558594
2016-10-04,183.3357391357422
2016-10-05,184.1470184326172
2016-10-06,184.27513122558594
2016-10-07,183.6431427001953
2016-10-10,184.59963989257812
2016-10-11,182.26824951171875
2016-10-12,182.5074005126953
2016-10-13,181.9095458984375
2016-10-14,182.00350952148438
2016-10-17,181.37152099609375
2016-10-18,182.5074005126953
2016-10-19,182.99411010742188
2016-10-20,182.6525115966797
2016-10-21,182.7379608154297
2016-10-24,183.5150604248047
2016-10-25,182.90017700195312
2016-10-26,182.53298950195312
2016-10-27,182.04620361328125
2016-10-28,181.50816345214844
2016-10-31,181.51669311523438
2016-11-01,180.20159912109375
2016-11-02,179.11697387695312
2016-11-03,178.29718017578125
2016-11-04,178.10076904296875
2016-11-07,182.02915954589844
2016-11-08,182.8489532470703
2016-11-09,184.78753662109375
2016-11-10,185.24867248535156
2016-11-11,184.8217010498047
2016-11-14,184.9668731689453
2016-11-15,186.41014099121094
2016-11-16,186.0599822998047
2016-11-17,187.01646423339844
2016-11-18,186.59800720214844
2016-11-21,188.00706481933594
2016-11-22,188.37429809570312
2016-11-23,188.47674560546875
2016-11-25,189.1770782470703
2016-11-28,188.28890991210938
2016-11-29,188.6560821533203
2016-11-30,188.20350646972656
2016-12-01,187.51171875
2016-12-02,187.60565185546875
2016-12-05,188.73297119140625
2016-12-06,189.330810546875
2016-12-07,191.80734252929688
2016-12-08,192.2770233154297
2016-12-09,193.4385528564453
2016-12-12,193.2164306640625
2016-12-13,194.50601196289062
2016-12-14,192.90048217773438
2016-12-15,193.69467163085938
2016-12-16,193.31588745117188
2016-12-19,193.73675537109375
2016-12-20,194.48414611816406
2016-12-21,193.94296264648438
2016-12-22,193.60794067382812
2016-12-23,193.89141845703125
2016-12-27,194.3724822998047
2016-12-28,192.7660369873047
2016-12-29,192.72311401367188
2016-12-30,192.01873779296875
2017-01-03,193.4876708984375
2017-01-04,194.63877868652344
2017-01-05,194.48414611816406
2017-01-06,195.1799774169922
2017-01-09,194.53570556640625
2017-01-10,194.53570556640625
2017-01-11,195.0854949951172
2017-01-12,194.59585571289062
2017-01-13,195.04251098632812
2017-01-17,194.35525512695312
2017-01-18,194.7847900390625
2017-01-19,194.06326293945312
2017-01-20,194.7761993408203
2017-01-23,194.26942443847656
2017-01-24,195.51499938964844
2017-01-25,197.20729064941406
2017-01-26,197.0011444091797
2017-01-27,196.69186401367188
2017-01-30,195.47207641601562
2017-01-31,195.45486450195312
2017-02-01,195.53211975097656
2017-02-02,195.66104125976562
2017-02-03,197.00970458984375
2017-02-06,196.6575164794922
2017-02-07,196.6660614013672
2017-02-08,196.92379760742188
2017-02-09,198.09207153320312
2017-02-10,198.87379455566406
2017-02-13,199.9561309814453
2017-02-14,200.7550048828125
2017-02-15,201.80307006835938
2017-02-16,201.63128662109375
2017-02-17,201.9491424560547
2017-02-21,203.1517333984375
2017-02-22,202.97137451171875
2017-02-23,203.10885620117188
2017-02-24,203.36651611328125
2017-02-27,203.6843719482422
2017-02-28,203.13453674316406
2017-03-01,205.97796630859375
2017-03-02,204.68080139160156
2017-03-03,204.80967712402344
2017-03-06,204.19976806640625
2017-03-07,203.58985900878906
2017-03-08,203.21189880371094
2017-03-09,203.46957397460938
2017-03-10,204.18260192871094
2017-03-13,204.28567504882812
2017-03-14,203.50393676757812
2017-03-15,205.2649383544922
2017-03-16,204.8612060546875
2017-03-17,204.50146484375
2017-03-20,204.27716064453125
2017-03-21,201.654296875
2017-03-22,202.12884521484375
2017-03-23,201.9131622314453
2017-03-24,201.76644897460938
2017-03-27,201.55941772460938
2017-03-28,203.026123046875
2017-03-29,203.2159423828125
2017-03-30,203.8629608154297
2017-03-31,203.38848876953125
2017-04-03,203.03475952148438
2017-04-04,203.16416931152344
2017-04-05,202.56021118164062
2017-04-06,203.12965393066406
2017-04-07,202.922607421875
2017-04-10,203.04336547851562
2017-04-11,202.80178833007812
2017-04-12,201.9131622314453
2017-04-13,200.60171508789062
2017-04-17,202.37904357910156
2017-04-18,201.77511596679688
2017-04-19,201.4041290283203
2017-04-20,203.04336547851562
2017-04-21,202.396240234375
2017-04-24,204.62222290039062
2017-04-25,205.81285095214844
2017-04-26,205.6833953857422
2017-04-27,205.8560028076172
2017-04-28,205.40737915039062
2017-05-01,205.92501831054688
2017-05-02,206.00270080566406
2017-05-03,205.75244140625
2017-05-04,205.99403381347656
2017-05-05,206.80508422851562
2017-05-08,206.7704620361328
2017-05-09,206.5807342529297
2017-05-10,206.95172119140625
2017-05-11,206.5289764404297
2017-05-12,206.183837890625
2017-05-15,207.32272338867188
2017-05-16,207.1328582763672
2017-05-17,203.45750427246094
2017-05-18,204.27716064453125
2017-05-19,205.6057586669922
2017-05-22,206.64968872070312
2017-05-23,207.1070098876953
2017-05-24,207.59014892578125
2017-05-25,208.58229064941406
2017-05-26,208.53916931152344
2017-05-30,208.35801696777344
2017-05-31,208.30625915527344
2017-06-01,209.96278381347656
2017-06-02,210.6615753173828
2017-06-05,210.50631713867188
2017-06-06,209.83331298828125
2017-06-07,210.22158813476562
2017-06-08,210.3251190185547
2017-06-09,210.00584411621094
2017-06-12,209.96278381347656
2017-06-13,210.98944091796875
2017-06-14,210.7219696044922
2017-06-15,210.31654357910156
2017-06-16,210.36245727539062
2017-06-19,212.11370849609375
2017-06-20,210.68321228027344
2017-06-21,210.63116455078125
2017-06-22,210.5358123779297
2017-06-23,210.78726196289062
2017-06-26,210.92599487304688
2017-06-27,209.22669982910156
2017-06-28,211.09938049316406
2017-06-29,209.24404907226562
2017-06-30,209.63417053222656
2017-07-03,209.9896240234375
2017-07-05,210.4751434326172
2017-07-06,208.55044555664062
2017-07-07,209.9029541015625
2017-07-10,210.12840270996094
2017-07-11,209.9723358154297
2017-07-12,211.5502471923828
2017-07-13,211.90560913085938
2017-07-14,212.89398193359375
2017-07-17,212.86798095703125
2017-07-18,212.98068237304688
2017-07-19,214.1337127685547
2017-07-20,214.22914123535156
2017-07-21,214.03839111328125
2017-07-24,213.98643493652344
2017-07-25,214.50653076171875
2017-07-26,214.51519775390625
2017-07-27,214.31581115722656
2017-07-28,214.064453125
2017-07-31,213.94305419921875
2017-08-01,214.41990661621094
2017-08-02,214.52394104003906
2017-08-03,214.10775756835938
2017-08-04,214.4979248046875
2017-08-07,214.896728515625
2017-08-08,214.3678436279297
2017-08-09,214.3591766357422
2017-08-10,211.33348083496094
2017-08-11,211.64559936523438
2017-08-14,213.74363708496094
2017-08-15,213.71762084960938
2017-08-16,214.09042358398438
2017-08-17,210.7526092529297
2017-08-18,210.4231719970703
2017-08-21,210.5878143310547
2017-08-22,212.7899932861328
2017-08-23,212.02703857421875
2017-08-24,211.5328826904297
2017-08-25,212.02703857421875
2017-08-28,212.03575134277344
2017-08-29,212.27847290039062
2017-08-30,213.28411865234375
2017-08-31,214.56729125976562
2017-09-01,214.8706817626953
2017-09-05,213.32745361328125
2017-09-06,214.05575561523438
2017-09-07,214.02975463867188
2017-09-08,213.77830505371094
2017-09-11,216.0584259033203
2017-09-12,216.7867431640625
2017-09-13,216.89076232910156
2017-09-14,216.82139587402344
2017-09-15,217.11329650878906
2017-09-18,217.57504272460938
2017-09-19,217.79283142089844
2017-09-20,217.8712615966797
2017-09-21,217.28750610351562
2017-09-22,217.33108520507812
2017-09-25,216.88671875
2017-09-26,217.01742553710938
2017-09-27,217.8625946044922
2017-09-28,218.12391662597656
2017-09-29,218.89068603515625
2017-10-02,219.84039306640625
2017-10-03,220.3108673095703
2017-10-04,220.57225036621094
2017-10-05,221.879150390625
2017-10-06,221.62649536132812
2017-10-09,221.26058959960938
2017-10-10,221.84432983398438
2017-10-11,222.19281005859375
2017-10-12,221.86170959472656
2017-10-13,222.1318359375
2017-10-16,222.4280548095703
2017-10-17,222.58489990234375
2017-10-18,222.80270385742188
2017-10-19,222.8636474609375
2017-10-20,224.01373291015625
2017-10-23,223.14248657226562
2017-10-24,223.53457641601562
2017-10-25,222.4280548095703
2017-10-26,222.715576171875
2017-10-27,224.5365447998047
2017-10-30,223.7001190185547
2017-10-31,224.04864501953125
2017-11-01,224.34487915039062
2017-11-02,224.4320068359375
2017-11-03,225.18124389648438
2017-11-06,225.52981567382812
2017-11-07,225.37298583984375
2017-11-08,225.75634765625
2017-11-09,224.93734741210938
2017-11-10,224.8676300048828
2017-11-13,225.07672119140625
2017-11-14,224.5540313720703
2017-11-15,223.4300079345703
2017-11-16,225.3293914794922
2017-11-17,224.66720581054688
2017-11-20,225.05062866210938
2017-11-21,226.52305603027344
2017-11-22,226.32266235351562
2017-11-24,226.8453826904297
2017-11-27,226.73214721679688
2017-11-28,229.0323486328125
2017-11-29,228.89291381835938
2017-11-30,230.89686584472656
2017-12-01,230.41766357421875
2017-12-04,230.1388397216797
2017-12-05,229.31114196777344
2017-12-06,229.35459899902344
2017-12-07,230.07785034179688
2017-12-08,231.33248901367188
2017-12-11,232.02951049804688
2017-12-12,232.43902587890625
2017-12-13,232.41287231445312
2017-12-14,231.4631805419922
2017-12-15,233.39065551757812
2017-12-18,234.8706817626953
2017-12-19,233.9686737060547
2017-12-20,233.84608459472656
2017-12-21,234.3276824951172
2017-12-22,234.26637268066406
2017-12-26,233.9862060546875
2017-12-27,234.10003662109375
2017-12-28,234.58164978027344
2017-12-29,233.69720458984375
2018-01-02,235.3698272705078
2018-01-03,236.85855102539062
2018-01-04,237.8568572998047
2018-01-05,239.4419708251953
2018-01-08,239.87986755371094
2018-01-09,240.4228057861328
2018-01-10,240.0549774169922
2018-01-11,241.80642700195312
2018-01-12,243.3827667236328
2018-01-16,242.55081176757812
2018-01-17,244.8627471923828
2018-01-18,244.451171875
2018-01-19,245.5632781982422
2018-01-22,247.5599365234375
2018-01-23,248.08535766601562
2018-01-24,247.98907470703125
2018-01-25,248.09413146972656
2018-01-26,250.96653747558594
2018-01-29,249.3026885986328
2018-01-30,246.7454833984375
2018-01-31,246.86822509765625
2018-02-01,246.58798217773438
2018-02-02,241.2197265625
2018-02-05,231.13128662109375
2018-02-06,235.68511962890625
2018-02-07,234.40652465820312
2018-02-08,225.61424255371094
2018-02-09,229.00323486328125
2018-02-12,232.36605834960938
2018-02-13,232.9440460205078
2018-02-14,236.08792114257812
2018-02-15,239.10043334960938
2018-02-16,239.1705322265625
2018-02-20,237.67298889160156
2018-02-21,236.49073791503906
2018-02-22,236.79734802246094
2018-02-23,240.57167053222656
2018-02-26,243.365234375
2018-02-27,240.32643127441406
2018-02-28,237.8918914794922
2018-03-01,234.43276977539062
2018-03-02,235.64125061035156
2018-03-05,238.36485290527344
2018-03-06,238.96910095214844
2018-03-07,238.88148498535156
2018-03-08,240.03744506835938
2018-03-09,244.214599609375
2018-03-12,243.90823364257812
2018-03-13,242.33192443847656
2018-03-14,241.0883331298828
2018-03-15,240.82562255859375
2018-03-16,241.08673095703125
2018-03-19,237.82484436035156
2018-03-20,238.22923278808594
2018-03-21,237.77203369140625
2018-03-22,231.82843017578125
2018-03-23,226.8870849609375
2018-03-26,233.09454345703125
2018-03-27,229.129150390625
2018-03-28,228.45213317871094
2018-03-29,231.37118530273438
2018-04-02,226.3770751953125
2018-04-03,229.278564453125
2018-04-04,231.73165893554688
2018-04-05,233.56051635742188
2018-04-06,228.3554229736328
2018-04-09,229.48081970214844
2018-04-10,233.1297149658203
2018-04-11,231.9075164794922
2018-04-12,233.81541442871094
2018-04-13,233.1297149658203
2018-04-16,235.04635620117188
2018-04-17,237.56097412109375
2018-04-18,237.7369384765625
2018-04-19,236.4180450439453
2018-04-20,234.4132843017578
2018-04-23,234.3782196044922
2018-04-24,231.22169494628906
2018-04-25,231.7932586669922
2018-04-26,234.14959716796875
2018-04-27,234.36941528320312
2018-04-30,232.5669708251953
2018-05-01,232.98016357421875
2018-05-02,231.41510009765625
2018-05-03,230.90521240234375
2018-05-04,233.89456176757812
2018-05-07,234.6859130859375
2018-05-08,234.6859130859375
2018-05-09,236.954345703125
2018-05-10,239.1700897216797
2018-05-11,239.8997344970703
2018-05-14,240.0140838623047
2018-05-15,238.3611297607422
2018-05-16,239.36351013183594
2018-05-17,239.1613006591797
2018-05-18,238.56336975097656
2018-05-21,240.35699462890625
2018-05-22,239.68870544433594
2018-05-23,240.34820556640625
2018-05-24,239.85574340820312
2018-05-25,239.2843475341797
2018-05-29,236.53225708007812
2018-05-30,239.68870544433594
2018-05-31,238.22044372558594
2018-06-01,240.55921936035156
2018-06-04,241.70230102539062
2018-06-05,241.8780975341797
2018-06-06,243.90036010742188
2018-06-07,243.87396240234375
2018-06-08,244.59495544433594
2018-06-11,244.9202423095703
2018-06-12,245.23680114746094
2018-06-13,244.4542236328125
2018-06-14,245.0697784423828
2018-06-15,244.7571563720703
2018-06-18,244.25363159179688
2018-06-19,243.31748962402344
2018-06-20,243.73255920410156
2018-06-21,242.20460510253906
2018-06-22,242.64625549316406
2018-06-25,239.3430633544922
2018-06-26,239.873046875
2018-06-27,237.88589477539062
2018-06-28,239.24598693847656
2018-06-29,239.5904541015625
2018-07-02,240.10264587402344
2018-07-03,239.25477600097656
2018-07-05,241.20669555664062
2018-07-06,243.246826171875
2018-07-09,245.43710327148438
2018-07-10,246.32034301757812
2018-07-11,244.5186004638672
2018-07-12,246.7353515625
2018-07-13,246.92962646484375
2018-07-16,246.70887756347656
2018-07-17,247.70689392089844
2018-07-18,248.2279510498047
2018-07-19,247.29183959960938
2018-07-20,247.0091552734375
2018-07-23,247.4684600830078
2018-07-24,248.71371459960938
2018-07-25,250.83334350585938
2018-07-26,250.24169921875
2018-07-27,248.54600524902344
2018-07-30,247.2476043701172
2018-07-31,248.46644592285156
2018-08-01,248.0513458251953
2018-08-02,249.40269470214844
2018-08-03,250.4712371826172
2018-08-06,251.3897705078125
2018-08-07,252.21995544433594
2018-08-08,252.1139678955078
2018-08-09,251.76953125
2018-08-10,250.08277893066406
2018-08-13,249.14646911621094
2018-08-14,250.73619079589844
2018-08-15,248.86386108398438
2018-08-16,250.87745666503906
2018-08-17,251.76068115234375
2018-08-20,252.2994842529297
2018-08-21,252.89120483398438
2018-08-22,252.74102783203125
2018-08-23,252.4054412841797
2018-08-24,253.92449951171875
2018-08-27,255.92933654785156
2018-08-28,256.052978515625
2018-08-29,257.4306945800781
2018-08-30,256.38861083984375
2018-08-31,256.3974304199219
2018-09-04,255.955810546875
2018-09-05,255.26695251464844
2018-09-06,254.49862670898438
2018-09-07,254.0040283203125
2018-09-10,254.44569396972656
2018-09-11,255.28463745117188
2018-09-12,255.34649658203125
2018-09-13,256.8566589355469
2018-09-14,256.90081787109375
2018-09-17,255.54071044921875
2018-09-18,256.9272766113281
2018-09-19,257.2011413574219
2018-09-20,259.28546142578125
2018-09-21,259.0484924316406
2018-09-24,258.18804931640625
2018-09-25,257.9484558105469
2018-09-26,257.1766662597656
2018-09-27,257.89508056640625
2018-09-28,257.92181396484375
2018-10-01,258.8177795410156
2018-10-02,258.6671142578125
2018-10-03,258.8089904785156
2018-10-04,256.78631591796875
2018-10-05,255.34898376464844
2018-10-08,255.34898376464844
2018-10-09,254.97634887695312
2018-10-10,246.90306091308594
2018-10-11,241.46461486816406
2018-10-12,244.8181915283203
2018-10-15,243.44308471679688
2018-10-16,248.76609802246094
2018-10-17,248.810546875
2018-10-18,245.2174072265625
2018-10-19,245.0843505859375
2018-10-22,243.98416137695312
2018-10-23,242.74212646484375
2018-10-24,235.3874053955078
2018-10-25,239.61036682128906
2018-10-26,235.3962860107422
2018-10-29,234.09210205078125
2018-10-30,237.56097412109375
2018-10-31,240.0983428955078
2018-11-01,242.65338134765625
2018-11-02,241.21615600585938
2018-11-05,242.54702758789062
2018-11-06,244.081787109375
2018-11-07,249.30726623535156
2018-11-08,248.85488891601562
2018-11-09,246.42398071289062
2018-11-12,241.81942749023438
2018-11-13,241.36708068847656
2018-11-14,239.7168426513672
2018-11-15,242.21878051757812
2018-11-16,242.8485565185547
2018-11-19,238.74098205566406
2018-11-20,234.32278442382812
2018-11-21,235.1212158203125
2018-11-23,233.55091857910156
2018-11-26,237.32142639160156
2018-11-27,238.1199188232422
2018-11-28,243.6027069091797
2018-11-29,243.07041931152344
2018-11-30,244.55194091796875
2018-12-03,247.79022216796875
2018-12-04,239.76124572753906
2018-12-06,239.39749145507812
2018-12-07,233.8348388671875
2018-12-10,234.2784423828125
2018-12-11,234.33164978027344
2018-12-12,235.51156616210938
2018-12-13,235.43177795410156
2018-12-14,231.08456420898438
2018-12-17,226.551025390625
2018-12-18,226.30262756347656
2018-12-19,222.91357421875
2018-12-20,219.28504943847656
2018-12-21,214.79197692871094
2018-12-24,209.11659240722656
2018-12-26,219.6820831298828
2018-12-27,221.36868286132812
2018-12-28,221.0831298828125
2018-12-31,223.01954650878906
2019-01-02,223.25157165527344
2019-01-03,217.92416381835938
2019-01-04,225.22372436523438
2019-01-07,226.99949645996094
2019-01-08,229.13223266601562
2019-01-09,230.2030792236328
2019-01-10,231.01516723632812
2019-01-11,231.10438537597656
2019-01-14,229.6944122314453
2019-01-15,232.32691955566406
2019-01-16,232.88916015625
2019-01-17,234.65594482421875
2019-01-18,237.77931213378906
2019-01-22,234.56680297851562
2019-01-23,235.05751037597656
2019-01-24,235.18247985839844
2019-01-25,237.1724395751953
2019-01-28,235.36990356445312
2019-01-29,235.05751037597656
2019-01-30,238.77867126464844
2019-01-31,240.87576293945312
2019-02-01,240.9917755126953
2019-02-04,242.68728637695312
2019-02-05,243.70457458496094
2019-02-06,243.3832550048828
2019-02-07,241.06320190429688
2019-02-08,241.35763549804688
2019-02-11,241.49151611328125
2019-02-12,244.596923828125
2019-02-13,245.39112854003906
2019-02-14,244.84677124023438
2019-02-15,247.5149383544922
2019-02-19,247.943359375
2019-02-20,248.44297790527344
2019-02-21,247.55960083007812
2019-02-22,249.09445190429688
2019-02-25,249.43356323242188
2019-02-26,249.255126953125
2019-02-27,249.14796447753906
2019-02-28,248.68402099609375
2019-03-01,250.23663330078125
2019-03-04,249.32640075683594
2019-03-05,248.98727416992188
2019-03-06,247.4792938232422
2019-03-07,245.4089813232422
2019-03-08,244.91819763183594
2019-03-11,248.4697723388672
2019-03-12,249.40673828125
2019-03-13,251.0576171875
2019-03-14,250.8970184326172
2019-03-15,252.13665771484375
2019-03-18,253.05079650878906
2019-03-19,253.11354064941406
2019-03-20,252.35166931152344
2019-03-21,255.20187377929688
2019-03-22,250.29031372070312
2019-03-25,250.1020050048828
2019-03-26,251.96627807617188
2019-03-27,250.64866638183594
2019-03-28,251.5988311767578
2019-03-29,253.1852569580078
2019-04-01,256.1878356933594
2019-04-02,256.3133544921875
2019-04-03,256.7165832519531
2019-04-04,257.39788818359375
2019-04-05,258.64373779296875
2019-04-08,258.8408508300781
2019-04-09,257.5143737792969
2019-04-10,258.3927307128906
2019-04-11,258.3210144042969
2019-04-12,260.06878662109375
2019-04-15,259.8985900878906
2019-04-16,260.06878662109375
2019-04-17,259.432373046875
2019-04-18,259.943359375
2019-04-22,260.1674499511719
2019-04-23,262.5067443847656
2019-04-24,261.9241027832031
2019-04-25,261.7628173828125
2019-04-26,262.9817810058594
2019-04-29,263.3940734863281
2019-04-30,263.5284729003906
2019-05-01,261.5476379394531
2019-05-02,260.9830017089844
2019-05-03,263.5375061035156
2019-05-06,262.4529113769531
2019-05-07,258.0699768066406
2019-05-08,257.7115783691406
2019-05-09,256.9317932128906
2019-05-10,258.2224426269531
2019-05-13,251.7332763671875
2019-05-14,254.0098419189453
2019-05-15,255.49765014648438
2019-05-16,257.8639831542969
2019-05-17,256.19683837890625
2019-05-20,254.5028076171875
2019-05-21,256.7972717285156
2019-05-22,256.0085754394531
2019-05-23,252.8804931640625
2019-05-24,253.45413208007812
2019-05-28,251.09689331054688
2019-05-29,249.41183471679688
2019-05-30,250.0930633544922
2019-05-31,246.72300720214844
2019-06-03,246.09561157226562
2019-06-04,251.43746948242188
2019-06-05,253.6154327392578
2019-06-06,255.26470947265625
2019-06-07,257.819091796875
2019-06-10,259.0022277832031
2019-06-11,258.9394226074219
2019-06-12,258.4824523925781
2019-06-13,259.54901123046875
2019-06-14,259.2620849609375
2019-06-17,259.3606872558594
2019-06-18,262.0765380859375
2019-06-19,262.6680603027344
2019-06-20,265.1776428222656
2019-06-21,264.7920837402344
2019-06-24,264.46795654296875
2019-06-25,261.87408447265625
2019-06-26,261.6128845214844
2019-06-27,262.54058837890625
2019-06-28,263.8915100097656
2019-07-01,266.2872009277344
2019-07-02,266.9808349609375
2019-07-03,269.11529541015625
2019-07-05,268.80914306640625
2019-07-08,267.3320617675781
2019-07-09,267.66522216796875
2019-07-10,268.9442443847656
2019-07-11,269.57470703125
2019-07-12,270.78143310546875
2019-07-15,270.87158203125
2019-07-16,269.9980163574219
2019-07-17,268.16064453125
2019-07-18,269.1423645019531
2019-07-19,267.6473083496094
2019-07-22,268.30474853515625
2019-07-23,270.2231750488281
2019-07-24,271.4931640625
2019-07-25,270.1960754394531
2019-07-26,272.00640869140625
2019-07-29,271.5111083984375
2019-07-30,270.8446350097656
2019-07-31,267.8815002441406
2019-08-01,265.5487976074219
2019-08-02,263.5492248535156
2019-08-05,255.62350463867188
2019-08-06,259.2080078125
2019-08-07,259.3612060546875
2019-08-08,264.4499816894531
2019-08-09,262.6485900878906
2019-08-12,259.4512939453125
2019-08-13,263.4862365722656
2019-08-14,255.69554138183594
2019-08-15,256.37103271484375
2019-08-16,260.1537780761719
2019-08-19,263.28814697265625
2019-08-20,261.2706604003906
2019-08-21,263.396240234375
2019-08-22,263.3151550292969
2019-08-23,256.5512390136719
2019-08-26,259.3883361816406
2019-08-27,258.3705139160156
2019-08-28,260.18988037109375
2019-08-29,263.51324462890625
2019-08-30,263.396240234375
2019-09-03,261.8560485839844
2019-09-04,264.8282165527344
2019-09-05,268.232666015625
2019-09-06,268.4398498535156
2019-09-09,268.5749816894531
2019-09-10,268.5118408203125
2019-09-11,270.42132568359375
2019-09-12,271.35797119140625
2019-09-13,271.1778259277344
2019-09-16,270.3402099609375
2019-09-17,271.0247802734375
2019-09-18,271.1868896484375
2019-09-19,271.16888427734375
2019-09-20,269.8876647949219
2019-09-23,269.82421875
2019-09-24,267.70703125
2019-09-25,269.2904357910156
2019-09-26,268.7295227050781
2019-09-27,267.2817077636719
2019-09-30,268.5213623046875
2019-10-01,265.3273010253906
2019-10-02,260.64044189453125
2019-10-03,262.7757568359375
2019-10-04,266.3316955566406
2019-10-07,265.1825256347656
2019-10-08,261.0656433105469
2019-10-09,263.5447998046875
2019-10-10,265.3273010253906
2019-10-11,268.07806396484375
2019-10-14,267.7793884277344
2019-10-15,270.4305725097656
2019-10-16,269.99615478515625
2019-10-17,270.7924499511719
2019-10-18,269.6070556640625
2019-10-21,271.43487548828125
2019-10-22,270.548095703125
2019-10-23,271.33526611328125
2019-10-24,271.778564453125
2019-10-25,272.8915710449219
2019-10-28,274.4298095703125
2019-10-29,274.3483581542969
2019-10-30,275.18988037109375
2019-10-31,274.4569091796875
2019-11-01,276.9994201660156
2019-11-04,278.1123046875
2019-11-05,277.8047790527344
2019-11-06,277.8680725097656
2019-11-07,278.8452453613281
2019-11-08,279.5328674316406
2019-11-11,278.9991149902344
2019-11-12,279.587158203125
2019-11-13,279.67767333984375
2019-11-14,280.0848083496094
2019-11-15,282.1117248535156
2019-11-18,282.3197021484375
2019-11-19,282.23822021484375
2019-11-20,281.188720703125
2019-11-21,280.7363586425781
2019-11-22,281.36065673828125
2019-11-25,283.541259765625
2019-11-26,284.1837463378906
2019-11-27,285.450439453125
2019-11-29,284.3917541503906
2019-12-02,281.9758605957031
2019-12-03,280.0848083496094
2019-12-04,281.81298828125
2019-12-05,282.3197021484375
2019-12-06,284.8984680175781
2019-12-09,284.0027160644531
2019-12-10,283.68603515625
2019-12-11,284.4913024902344
2019-12-12,286.9432678222656
2019-12-13,287.115234375
2019-12-16,289.087646484375
2019-12-17,289.1510925292969
2019-12-18,289.169189453125
2019-12-19,290.3544616699219
2019-12-20,291.6275329589844
2019-12-23,292.072998046875
2019-12-24,292.08203125
2019-12-26,293.6368713378906
2019-12-27,293.5641174316406
2019-12-30,291.9457092285156
2019-12-31,292.6548767089844
2020-01-02,295.39178466796875
2020-01-03,293.1549987792969
2020-01-06,294.2733154296875
2020-01-07,293.4459533691406
2020-01-08,295.0098876953125
2020-01-09,297.01025390625
2020-01-10,296.1556091308594
2020-01-13,298.1923522949219
2020-01-14,297.7376403808594
2020-01-15,298.4105529785156
2020-01-16,300.892822265625
2020-01-17,301.8293762207031
2020-01-21,301.23834228515625
2020-01-22,301.2747497558594
2020-01-23,301.62017822265625
2020-01-24,298.93780517578125
2020-01-27,294.1461486816406
2020-01-28,297.2283935546875
2020-01-29,296.98297119140625
2020-01-30,297.94677734375
2020-01-31,292.53668212890625
2020-02-03,294.7098388671875
2020-02-04,299.2016296386719
2020-02-05,302.6568298339844
2020-02-06,303.6751708984375
2020-02-07,302.0566711425781
2020-02-10,304.31158447265625
2020-02-11,304.8389892578125
2020-02-12,306.8030700683594
2020-02-13,306.4756164550781
2020-02-14,306.9666442871094
2020-02-18,306.17572021484375
2020-02-19,307.6395263671875
2020-02-20,306.37567138671875
2020-02-21,303.22052001953125
2020-02-24,293.16412353515625
2020-02-25,284.28057861328125
2020-02-26,283.2348937988281
2020-02-27,270.5143737792969
2020-02-28,269.3778381347656
2020-03-02,281.0435485839844
2020-03-03,272.9966735839844
2020-03-04,284.4715576171875
2020-03-05,275.0152587890625
2020-03-06,270.4689025878906
2020-03-09,249.34677124023438
2020-03-10,262.2492370605469
2020-03-11,249.46493530273438
2020-03-12,225.59690856933594
2020-03-13,244.88230895996094
2020-03-16,218.0863494873047
2020-03-17,229.86131286621094
2020-03-18,218.22271728515625
2020-03-19,218.6864471435547
2020-03-20,209.26235961914062
2020-03-23,203.91192626953125
2020-03-24,222.38699340820312
2020-03-25,225.71615600585938
2020-03-26,238.89569091796875
2020-03-27,231.780029296875
2020-03-30,239.30722045898438
2020-03-31,235.74026489257812
2020-04-01,225.13076782226562
2020-04-02,230.32577514648438
2020-04-03,226.99659729003906
2020-04-06,242.2431182861328
2020-04-07,242.49009704589844
2020-04-08,250.63009643554688
2020-04-09,254.44400024414062
2020-04-13,252.120849609375
2020-04-14,259.5566711425781
2020-04-15,254.04153442382812
2020-04-16,255.2671661376953
2020-04-17,262.1632995605469
2020-04-20,257.54449462890625
2020-04-21,249.72463989257812
2020-04-22,255.2671661376953
2020-04-23,255.24880981445312
2020-04-24,258.8066101074219
2020-04-27,262.538330078125
2020-04-28,261.3310852050781
2020-04-29,268.17230224609375
2020-04-30,265.6753845214844
2020-05-01,258.6420593261719
2020-05-04,259.3554382324219
2020-05-05,261.7516784667969
2020-05-06,259.97735595703125
2020-05-07,263.1144714355469
2020-05-08,267.468017578125
2020-05-11,267.5228271484375
2020-05-12,262.1907043457031
2020-05-13,257.5536193847656
2020-05-14,260.63592529296875
2020-05-15,261.833984375
2020-05-18,269.80938720703125
2020-05-19,267.0381774902344
2020-05-20,271.5746154785156
2020-05-21,269.69970703125
2020-05-22,270.2118835449219
2020-05-26,273.54095458984375
2020-05-27,277.611083984375
2020-05-28,277.09893798828125
2020-05-29,278.3335876464844
2020-06-01,279.45855712890625
2020-06-02,281.7724609375
2020-06-03,285.5223388671875
2020-06-04,284.7723083496094
2020-06-05,292.07098388671875
2020-06-08,295.60137939453125
2020-06-09,293.3971862792969
2020-06-10,291.760009765625
2020-06-11,274.94049072265625
2020-06-12,278.23291015625
2020-06-15,280.8304443359375
2020-06-16,286.2357177734375
2020-06-17,285.04681396484375
2020-06-18,285.15655517578125
2020-06-19,283.5269470214844
2020-06-22,285.3457946777344
2020-06-23,286.65948486328125
2020-06-24,279.34716796875
2020-06-25,282.34185791015625
2020-06-26,275.6358642578125
2020-06-29,279.68695068359375
2020-06-30,283.2696533203125
2020-07-01,285.25390625
2020-07-02,286.8248291015625
2020-07-06,291.2525634765625
2020-07-07,288.2486267089844
2020-07-08,290.453369140625
2020-07-09,288.79986572265625
2020-07-10,291.7486267089844
2020-07-13,289.2225036621094
2020-07-14,292.9704895019531
2020-07-15,295.66204833984375
2020-07-16,294.68829345703125
2020-07-17,295.5426940917969
2020-07-20,297.9310302734375
2020-07-21,298.56488037109375
2020-07-22,300.2643737792969
2020-07-23,296.6816711425781
2020-07-24,294.77099609375
2020-07-27,296.92059326171875
2020-07-28,295.0373840332031
2020-07-29,298.6659851074219
2020-07-30,297.600341796875
2020-07-31,299.9520568847656
2020-08-03,302.03741455078125
2020-08-04,303.2040100097656
2020-08-05,305.0871276855469
2020-08-06,307.12664794921875
2020-08-07,307.3470458984375
2020-08-10,308.2656555175781
2020-08-11,305.7209777832031
2020-08-12,309.98345947265625
2020-08-13,309.4231872558594
2020-08-14,309.432373046875
2020-08-17,310.4152526855469
2020-08-18,311.0859069824219
2020-08-19,309.7906494140625
2020-08-20,310.7551574707031
2020-08-21,311.8574523925781
2020-08-24,315.01763916015625
2020-08-25,316.1200256347656
2020-08-26,319.2893371582031
2020-08-27,319.9874267578125
2020-08-28,322.0543518066406
2020-08-31,320.88763427734375
2020-09-01,323.9100036621094
2020-09-02,328.59503173828125
2020-09-03,317.2865905761719
2020-09-04,314.6961364746094
2020-09-08,306.09765625
2020-09-09,312.1423034667969
2020-09-10,306.722412109375
2020-09-11,306.8785705566406
2020-09-14,310.9205627441406
2020-09-15,312.4913635253906
2020-09-16,311.251220703125
2020-09-17,308.51373291015625
2020-09-18,304.9618835449219
2020-09-21,301.5677490234375
2020-09-22,304.6390686035156
2020-09-23,297.57421875
2020-09-24,298.3674011230469
2020-09-25,303.1910400390625
2020-09-28,308.22686767578125
2020-09-29,306.5482177734375
2020-09-30,308.87255859375
2020-10-01,310.8554382324219
2020-10-02,307.9040832519531
2020-10-05,313.3641357421875
2020-10-06,308.90936279296875
2020-10-07,314.2864990234375
2020-10-08,317.0718688964844
2020-10-09,319.9033203125
2020-10-12,325.0498352050781
2020-10-13,322.9284362792969
2020-10-14,320.8994140625
2020-10-15,320.5027770996094
2020-10-16,320.30914306640625
2020-10-19,315.4393615722656
2020-10-20,316.7028503417969
2020-10-21,316.1033935546875
2020-10-22,317.8373718261719
2020-10-23,318.9164123535156
2020-10-26,313.0228271484375
2020-10-27,311.94384765625
2020-10-28,301.2818908691406
2020-10-29,304.34393310546875
2020-10-30,301.1712341308594
2020-11-02,304.5468444824219
2020-11-03,309.9238586425781
2020-11-04,316.8504638671875
2020-11-05,323.0299072265625
2020-11-06,322.9561767578125
2020-11-09,327.0142517089844
2020-11-10,326.5346984863281
2020-11-11,328.9604797363281
2020-11-12,325.7691955566406
2020-11-13,330.279296875
2020-11-16,334.4019470214844
2020-11-17,332.6035461425781
2020-11-18,328.60076904296875
2020-11-19,329.9841613769531
2020-11-20,327.7244873046875
2020-11-23,329.6889953613281
2020-11-24,335.00152587890625
2020-11-25,334.48504638671875
2020-11-27,335.4165954589844
2020-11-30,333.93170166015625
2020-12-01,337.5840148925781
2020-12-02,338.2941589355469
2020-12-03,338.20196533203125
2020-12-04,341.1164855957031
2020-12-07,340.4154357910156
2020-12-08,341.4115905761719
2020-12-09,338.3495788574219
2020-12-10,338.2388000488281
2020-12-11,337.84222412109375
2020-12-14,336.3296813964844
2020-12-15,340.8766784667969
2020-12-16,341.4115905761719
2020-12-17,343.32073974609375
2020-12-18,341.94989013671875
2020-12-21,340.727294921875
2020-12-22,340.15301513671875
2020-12-23,340.4586486816406
2020-12-24,341.783203125
2020-12-28,344.71942138671875
2020-12-29,344.0617370605469
2020-12-30,344.5527038574219
2020-12-31,346.3032531738281
2021-01-04,341.5887145996094
2021-01-05,343.94134521484375
2021-01-06,345.9975891113281
2021-01-07,351.1382751464844
2021-01-08,353.13897705078125
2021-01-11,350.7585144042969
2021-01-12,350.8326110839844
2021-01-13,351.7773742675781
2021-01-14,350.5454406738281
2021-01-15,347.9889831542969
2021-01-19,350.7214050292969
2021-01-20,355.5749206542969
2021-01-21,355.8991394042969
2021-01-22,354.639404296875
2021-01-25,356.0381774902344
2021-01-26,355.4822998046875
2021-01-27,346.7942199707031
2021-01-28,349.77667236328125
2021-01-29,342.7742919921875
2021-02-01,348.47991943359375
2021-02-02,353.40753173828125
2021-02-03,353.6853332519531
2021-02-04,357.7052917480469
2021-02-05,359.1131896972656
2021-02-08,361.7066955566406
2021-02-09,361.4658508300781
2021-02-10,361.30841064453125
2021-02-11,361.8919372558594
2021-02-12,363.6795349121094
2021-02-16,363.3646240234375
2021-02-17,363.4480285644531
2021-02-18,361.9012145996094
2021-02-19,361.2620849609375
2021-02-22,358.4833679199219
2021-02-23,358.9186706542969
2021-02-24,362.8736572265625
2021-02-25,354.1300048828125
2021-02-26,352.3052673339844
2021-03-01,360.8452453613281
2021-03-02,358.0295104980469
2021-03-03,353.2871398925781
2021-03-04,348.9152526855469
2021-03-05,355.3341979980469
2021-03-08,353.5650634765625
2021-03-09,358.61309814453125
2021-03-10,360.8452453613281
2021-03-11,364.50396728515625
2021-03-12,364.994873046875
2021-03-15,367.17144775390625
2021-03-16,366.7084045410156
2021-03-17,367.9587707519531
2021-03-18,362.60516357421875
2021-03-19,361.9341125488281
2021-03-22,364.8241882324219
2021-03-23,361.952880859375
2021-03-24,360.1128234863281
2021-03-25,362.1385803222656
2021-03-26,367.9744873046875
2021-03-29,367.7885437011719
2021-03-30,366.8129577636719
2021-03-31,368.2996826171875
2021-04-01,372.2770690917969
2021-04-05,377.620361328125
2021-04-06,377.39727783203125
2021-04-07,377.8341064453125
2021-04-08,379.6275329589844
2021-04-09,382.38751220703125
2021-04-12,382.5269470214844
2021-04-13,383.66058349609375
2021-04-14,382.3503112792969
2021-04-15,386.4577331542969
2021-04-16,387.74951171875
2021-04-19,385.8444519042969
2021-04-20,383.01947021484375
2021-04-21,386.6435852050781
2021-04-22,383.1123962402344
2021-04-23,387.26617431640625
2021-04-26,388.0746765136719
2021-04-27,387.9910888671875
2021-04-28,387.8795471191406
2021-04-29,390.35137939453125
2021-04-30,387.78668212890625
2021-05-03,388.6230773925781
2021-05-04,386.2254638671875
2021-05-05,386.34625244140625
2021-05-06,389.4314880371094
2021-05-07,392.2657470703125
2021-05-10,388.38140869140625
2021-05-11,384.9151916503906
2021-05-12,376.737548828125
2021-05-13,381.2630920410156
2021-05-14,387.1175231933594
2021-05-17,386.1324768066406
2021-05-18,382.8057556152344
2021-05-19,381.80206298828125
2021-05-20,385.9095764160156
2021-05-21,385.593505859375
2021-05-24,389.5244445800781
2021-05-25,388.66021728515625
2021-05-26,389.4314880371094
2021-05-27,389.63592529296875
2021-05-28,390.33282470703125
2021-06-01,389.989013671875
2021-06-02,390.60235595703125
2021-06-03,389.1526184082031
2021-06-04,392.7118225097656
2021-06-07,392.3308410644531
2021-06-08,392.4144592285156
2021-06-09,391.8289794921875
2021-06-10,393.6502990722656
2021-06-11,394.30084228515625
2021-06-14,395.1837463378906
2021-06-15,394.4588623046875
2021-06-16,392.2565002441406
2021-06-17,392.1263732910156
2021-06-18,386.83642578125
2021-06-21,392.3743591308594
2021-06-22,394.4720764160156
2021-06-23,393.99664306640625
2021-06-24,396.327392578125
2021-06-25,397.735107421875
2021-06-28,398.5369567871094
2021-06-29,398.7514343261719
2021-06-30,399.0870361328125
2021-07-01,401.2966003417969
2021-07-02,404.3638916015625
2021-07-06,403.62744140625
2021-07-07,405.0538330078125
2021-07-08,401.75347900390625
2021-07-09,406.0421142578125
2021-07-12,407.4964904785156
2021-07-13,406.1073303222656
2021-07-14,406.7134094238281
2021-07-15,405.3241882324219
2021-07-16,402.1449890136719
2021-07-19,396.20623779296875
2021-07-20,401.8840026855469
2021-07-21,405.1376953125
2021-07-22,405.9861755371094
2021-07-23,410.1629638671875
2021-07-26,411.1698913574219
2021-07-27,409.29583740234375
2021-07-28,409.1280517578125
2021-07-29,410.8249206542969
2021-07-30,408.8297424316406
2021-08-02,407.9719543457031
2021-08-03,411.29095458984375
2021-08-04,409.2679443359375
2021-08-05,411.8597412109375
2021-08-06,412.540283203125
2021-08-09,412.2047424316406
2021-08-10,412.7174377441406
2021-08-11,413.7430114746094
2021-08-12,414.9830322265625
2021-08-13,415.73809814453125
2021-08-16,416.7171325683594
2021-08-17,413.9854431152344
2021-08-18,409.4543762207031
2021-08-19,410.0882873535156
2021-08-20,413.3514404296875
2021-08-23,416.98748779296875
2021-08-24,417.64935302734375
2021-08-25,418.52581787109375
2021-08-26,416.05511474609375
2021-08-27,419.7751159667969
2021-08-30,421.6210632324219
2021-08-31,420.9964294433594
2021-09-01,421.22015380859375
2021-09-02,422.51611328125
2021-09-03,422.4135437011719
2021-09-07,420.9032287597656
2021-09-08,420.39044189453125
2021-09-09,418.5910949707031
2021-09-10,415.2906494140625
2021-09-13,416.35345458984375
2021-09-14,414.1067199707031
2021-09-15,417.5655517578125
2021-09-16,416.9035949707031
2021-09-17,412.84246826171875
2021-09-20,405.95867919921875
2021-09-21,405.5751953125
2021-09-22,409.5315856933594
2021-09-23,414.5072937011719
2021-09-24,415.1901550292969
2021-09-27,414.0022888183594
2021-09-28,405.65936279296875
2021-09-29,406.3421325683594
2021-09-30,401.3757019042969
2021-10-01,406.1457824707031
2021-10-04,400.9080505371094
2021-10-05,405.0794677734375
2021-10-06,406.7630615234375
2021-10-07,410.2797546386719
2021-10-08,409.5315856933594
2021-10-11,406.56658935546875
2021-10-12,405.56585693359375
2021-10-13,407.02496337890625
2021-10-14,413.871337890625
2021-10-15,417.0232238769531
2021-10-18,418.2579650878906
2021-10-19,421.4847412109375
2021-10-20,423.1401672363281
2021-10-21,424.2437744140625
2021-10-22,423.8042297363281
2021-10-25,426.0769958496094
2021-10-26,426.46044921875
2021-10-27,424.5711975097656
2021-10-28,428.6677551269531
2021-10-29,429.53765869140625
2021-11-01,430.276611328125
2021-11-02,432.0161437988281
2021-11-03,434.6537170410156
2021-11-04,436.70208740234375
2021-11-05,438.21722412109375
2021-11-08,438.5914306640625
2021-11-09,437.14166259765625
2021-11-10,433.6248779296875
2021-11-11,433.7651672363281
2021-11-12,437.03875732421875
2021-11-15,437.1883544921875
2021-11-16,438.9187927246094
2021-11-17,437.8525085449219
2021-11-18,439.3396301269531
2021-11-19,438.5539855957031
2021-11-22,437.3193359375
2021-11-23,437.899169921875
2021-11-24,439.0684509277344
2021-11-26,429.2757873535156
2021-11-29,434.5415344238281
2021-11-30,426.08642578125
2021-12-01,421.3537292480469
2021-12-02,427.8073425292969
2021-12-03,424.0848693847656
2021-12-06,429.107421875
2021-12-07,437.9834289550781
2021-12-08,439.1432189941406
2021-12-09,436.1783142089844
2021-12-10,440.2842712402344
2021-12-13,436.38409423828125
2021-12-14,433.3817138671875
2021-12-15,440.1533508300781
2021-12-16,436.27178955078125
2021-12-17,431.6286315917969
2021-12-20,427.0389709472656
2021-12-21,434.62274169921875
2021-12-22,438.9683532714844
2021-12-23,441.69970703125
2021-12-27,447.95068359375
2021-12-28,447.58453369140625
2021-12-29,448.1571960449219
2021-12-30,446.9182434082031
2021-12-31,445.7919616699219
2022-01-03,448.37298583984375
2022-01-04,448.22283935546875
2022-01-05,439.6160583496094
2022-01-06,439.2030334472656
2022-01-07,437.4666442871094
2022-01-10,436.9223327636719
2022-01-11,440.90185546875
2022-01-12,442.0939025878906
2022-01-13,436.00244140625
2022-01-14,436.1807556152344
2022-01-18,428.45623779296875
2022-01-19,424.0073547363281
2022-01-20,419.3143310546875
2022-01-21,411.0829772949219
2022-01-24,412.8287048339844
2022-01-25,407.7884826660156
2022-01-26,406.76544189453125
2022-01-27,404.7568359375
2022-01-28,414.80914306640625
2022-01-31,422.28033447265625
2022-02-01,425.13360595703125
2022-02-02,429.26336669921875
2022-02-03,419.1736145019531
2022-02-04,421.1446533203125
2022-02-07,419.7930908203125
2022-02-08,423.2470703125
2022-02-09,429.4417724609375
2022-02-10,421.7265319824219
2022-02-11,413.41064453125
2022-02-14,412.05914306640625
2022-02-15,418.7042236328125
2022-02-16,419.1736145019531
2022-02-17,410.219482421875
2022-02-18,407.563232421875
2022-02-22,403.189453125
2022-02-23,396.0373229980469
2022-02-24,401.9974060058594
2022-02-25,410.8670654296875
2022-02-28,409.81573486328125
2022-03-01,403.57421875
2022-03-02,410.99847412109375
2022-03-03,408.9523010253906
2022-03-04,405.6297302246094
2022-03-07,393.6722106933594
2022-03-08,390.68743896484375
2022-03-09,401.1620178222656
2022-03-10,399.3506164550781
2022-03-11,394.2728576660156
2022-03-14,391.3913269042969
2022-03-15,399.9982604980469
2022-03-16,408.8678894042969
2022-03-17,413.983154296875
2022-03-18,418.51739501953125
2022-03-21,418.39508056640625
2022-03-22,423.2909240722656
2022-03-23,417.839599609375
2022-03-24,424.1382141113281
2022-03-25,426.2095642089844
2022-03-28,429.2411804199219
2022-03-29,434.55120849609375
2022-03-30,431.8680419921875
2022-03-31,425.220947265625
2022-04-01,426.4261474609375
2022-04-04,430.0791015625
2022-04-05,424.64666748046875
2022-04-06,420.4004821777344
2022-04-07,422.518798828125
2022-04-08,421.3890686035156
2022-04-11,414.1865234375
2022-04-12,412.65185546875
2022-04-13,417.37823486328125
2022-04-14,412.1811828613281
2022-04-18,412.3505859375
2022-04-19,419.00701904296875
2022-04-20,418.69635009765625
2022-04-21,412.4353332519531
2022-04-22,401.1184387207031
2022-04-25,403.4439392089844
2022-04-26,391.7599182128906
2022-04-27,392.8614196777344
2022-04-28,402.784912109375
2022-04-29,387.8998107910156
2022-05-02,390.234619140625
2022-05-03,392.0235595703125
2022-05-04,403.9617919921875
2022-05-05,389.60382080078125
2022-05-06,387.2782897949219
2022-05-09,374.87872314453125
2022-05-10,375.744873046875
2022-05-11,369.7757873535156
2022-05-12,369.3898010253906
2022-05-13,378.2210693359375
2022-05-16,376.6864318847656
2022-05-17,384.43499755859375
2022-05-18,368.9378356933594
2022-05-19,366.67822265625
2022-05-20,366.8382873535156
2022-05-23,373.701904296875
2022-05-24,370.84912109375
2022-05-25,374.12554931640625
2022-05-26,381.6010437011719
2022-05-27,390.96905517578125
2022-05-31,388.7753601074219
2022-06-01,385.6307678222656
2022-06-02,392.97442626953125
2022-06-03,386.525146484375
2022-06-06,387.70196533203125
2022-06-07,391.42095947265625
2022-06-08,387.1653137207031
2022-06-09,377.9574890136719
2022-06-10,366.9983825683594
2022-06-13,353.0640563964844
2022-06-14,352.0002136230469
2022-06-15,357.0184020996094
2022-06-16,345.2025146484375
2022-06-17,345.94671630859375
2022-06-21,354.6553955078125
2022-06-22,354.01251220703125
2022-06-23,357.4826354980469
2022-06-24,368.84844970703125
2022-06-27,367.4395446777344
2022-06-28,359.9316711425781
2022-06-29,359.6385498046875
2022-06-30,356.7167053222656
2022-07-01,360.4896240234375
2022-07-05,361.1704406738281
2022-07-06,362.3901672363281
2022-07-07,367.81768798828125
2022-07-08,367.5151672363281
2022-07-11,363.3169250488281
2022-07-12,360.10186767578125
2022-07-13,358.21075439453125
2022-07-14,357.3408508300781
2022-07-15,364.1678466796875
2022-07-18,361.1609191894531
2022-07-19,370.9192199707031
2022-07-20,373.28314208984375
2022-07-21,377.0843505859375
2022-07-22,373.5858459472656
2022-07-25,374.0396423339844
2022-07-26,369.6143798828125
2022-07-27,379.2119140625
2022-07-28,383.9681396484375
2022-07-29,389.56591796875
2022-08-01,388.41229248046875
2022-08-02,385.84979248046875
2022-08-03,391.8919982910156
2022-08-04,391.6272277832031
2022-08-05,390.9653625488281
2022-08-08,390.5114440917969
2022-08-09,388.960693359375
2022-08-10,397.13043212890625
2022-08-11,397.13043212890625
2022-08-12,403.8534851074219
2022-08-15,405.5176696777344
2022-08-16,406.31195068359375
2022-08-17,403.427978515625
2022-08-18,404.6005554199219
2022-08-19,399.1634216308594
2022-08-22,390.8518981933594
2022-08-23,389.9063415527344
2022-08-24,391.1544189453125
2022-08-25,396.67657470703125
2022-08-26,383.2494201660156
2022-08-29,380.71539306640625
2022-08-30,376.535888671875
2022-08-31,373.67083740234375
2022-09-01,374.8433837890625
2022-09-02,370.8908386230469
2022-09-06,369.4913635253906
2022-09-07,376.1293029785156
2022-09-08,378.58782958984375
2022-09-09,384.4692077636719
2022-09-12,388.6014099121094
2022-09-13,371.7041015625
2022-09-14,373.1223449707031
2022-09-15,368.88629150390625
2022-09-16,366.0720520019531
2022-09-19,368.91094970703125
2022-09-20,364.67633056640625
2022-09-21,358.3149719238281
2022-09-22,355.3052673339844
2022-09-23,349.3521728515625
2022-09-26,345.8961181640625
2022-09-27,345.0131530761719
2022-09-28,351.8017272949219
2022-09-29,344.4529724121094
2022-09-30,339.1264953613281
2022-10-03,348.079833984375
2022-10-04,358.86572265625
2022-10-05,358.03021240234375
2022-10-06,354.3367614746094
2022-10-07,344.4529724121094
2022-10-10,341.8229675292969
2022-10-11,339.6581726074219
2022-10-12,338.5378723144531
2022-10-13,347.47222900390625
2022-10-14,339.55377197265625
2022-10-17,348.2792663574219
2022-10-18,352.37139892578125
2022-10-19,349.8743591308594
2022-10-20,346.94049072265625
2022-10-21,355.37164306640625
2022-10-24,359.7201843261719
2022-10-25,365.4643859863281
2022-10-26,362.71099853515625
2022-10-27,360.7740783691406
2022-10-28,369.3571472167969
2022-10-31,366.6892395019531
2022-11-01,365.08465576171875
2022-11-02,355.92236328125
2022-11-03,352.2574768066406
2022-11-04,357.32757568359375
2022-11-07,360.7456359863281
2022-11-08,362.69195556640625
2022-11-09,355.2197570800781
2022-11-10,374.7406005859375
2022-11-11,378.3675231933594
2022-11-14,375.1488952636719
2022-11-15,378.3485107421875
2022-11-16,375.4621887207031
2022-11-17,374.3133544921875
2022-11-18,376.0129089355469
2022-11-21,374.6456604003906
2022-11-22,379.68719482421875
2022-11-23,382.0799255371094
2022-11-25,381.9944152832031
2022-11-28,375.89892578125
2022-11-29,375.2532958984375
2022-11-30,387.0740051269531
2022-12-01,386.7891845703125
2022-12-02,386.3429260253906
2022-12-05,379.3929443359375
2022-12-06,373.9240417480469
2022-12-07,373.2879638671875
2022-12-08,376.2122497558594
2022-12-09,373.40185546875
2022-12-12,378.7852478027344
2022-12-13,381.65264892578125
2022-12-14,379.2125244140625
2022-12-15,369.9363098144531
2022-12-16,365.5687255859375
2022-12-19,362.4689025878906
2022-12-20,362.9648742675781
2022-12-21,368.39208984375
2022-12-22,363.1366271972656
2022-12-23,365.2254638671875
2022-12-27,363.7851867675781
2022-12-28,359.26416015625
2022-12-29,365.7309265136719
2022-12-30,364.767578125
2023-01-03,363.23199462890625
2023-01-04,366.0362243652344
2023-01-05,361.85845947265625
2023-01-06,370.1567077636719
2023-01-09,369.9468078613281
2023-01-10,372.5412292480469
2023-01-11,377.2530517578125
2023-01-12,378.6265563964844
2023-01-13,380.0953674316406
2023-01-17,379.3992004394531
2023-01-18,373.4092102050781
2023-01-19,370.6907958984375
2023-01-20,377.5963439941406
2023-01-23,382.1270751953125
2023-01-24,381.7169494628906
2023-01-25,381.8599548339844
2023-01-26,386.0567626953125
2023-01-27,386.94384765625
2023-01-30,382.08892822265625
2023-01-31,387.7069091796875
2023-02-01,391.827392578125
2023-02-02,397.5311584472656
2023-02-03,393.3057861328125
2023-02-06,390.90216064453125
2023-02-07,396.0146484375
2023-02-08,391.6842346191406
2023-02-09,388.2886962890625
2023-02-10,389.19482421875
2023-02-13,393.7636413574219
2023-02-14,393.5823974609375
2023-02-15,394.86053466796875
2023-02-16,389.42376708984375
2023-02-17,388.450927734375
2023-02-21,380.658203125
2023-02-22,380.1335754394531
2023-02-23,382.15570068359375
2023-02-24,378.0733947753906
2023-02-27,379.3609924316406
2023-02-28,377.9588928222656
2023-03-01,376.509033203125
2023-03-02,379.43731689453125
2023-03-03,385.52264404296875
2023-03-06,385.7897033691406
2023-03-07,379.8760681152344
2023-03-08,380.49603271484375
2023-03-09,373.4759826660156
2023-03-10,368.0868835449219
2023-03-13,367.5622863769531
2023-03-14,373.6380920410156
2023-03-15,371.3012390136719
2023-03-16,377.8158264160156
2023-03-17,373.39813232421875
2023-03-20,376.9885559082031
2023-03-21,381.93865966796875
2023-03-22,375.42791748046875
2023-03-23,376.4429016113281
2023-03-24,378.9131164550781
2023-03-27,379.62164306640625
2023-03-28,378.76947021484375
2023-03-29,384.2748107910156
2023-03-30,386.52484130859375
2023-03-31,391.9727783203125
2023-04-03,393.4664001464844
2023-04-04,391.2833557128906
2023-04-05,390.2588806152344
2023-04-06,391.7812194824219
2023-04-10,392.1834716796875
2023-04-11,392.2887268066406
2023-04-12,390.6897277832031
2023-04-13,395.87921142578125
2023-04-14,394.9122009277344
2023-04-17,396.32916259765625
2023-04-18,396.587646484375
2023-04-19,396.5207214355469
2023-04-20,394.3568420410156
2023-04-21,394.66326904296875
2023-04-24,395.0749206542969
2023-04-25,388.8036193847656
2023-04-26,387.1567077636719
2023-04-27,394.8642883300781
2023-04-28,398.23455810546875
2023-05-01,397.8324279785156
2023-05-02,393.361083984375
2023-05-03,390.6609802246094
2023-05-04,387.8940124511719
2023-05-05,395.0749206542969
2023-05-08,395.18017578125
2023-05-09,393.4472351074219
2023-05-10,395.28558349609375
2023-05-11,394.59619140625
2023-05-12,394.0791931152344
2023-05-15,395.4387512207031
2023-05-16,392.79620361328125
2023-05-17,397.5643615722656
2023-05-18,401.3941650390625
2023-05-19,400.8100891113281
2023-05-22,400.9728698730469
2023-05-23,396.4728088378906
2023-05-24,393.6004638671875
2023-05-25,397.00897216796875
2023-05-26,402.1505126953125
2023-05-30,402.3037414550781
2023-05-31,400.07281494140625
2023-06-01,403.87396240234375
2023-06-02,409.71441650390625
2023-06-05,408.9293212890625
2023-06-06,409.8197326660156
2023-06-07,408.40264892578125
2023-06-08,410.87298583984375
2023-06-09,411.61016845703125
2023-06-12,415.34423828125
2023-06-13,418.08258056640625
2023-06-14,418.5805358886719
2023-06-15,423.7699279785156
2023-06-16,422.326416015625
2023-06-20,420.1353454589844
2023-06-21,417.982666015625
2023-06-22,419.4914855957031
2023-06-23,416.3200988769531
2023-06-26,414.619140625
2023-06-27,419.1647033691406
2023-06-28,419.3761901855469
2023-06-29,421.0290832519531
2023-06-30,425.9974670410156
2023-07-03,426.4876403808594
2023-07-05,425.853271484375
2023-07-06,422.5186462402344
2023-07-07,421.451904296875
2023-07-10,422.5186462402344
2023-07-11,425.2094421386719
2023-07-12,428.630615234375
2023-07-13,432.0326843261719
2023-07-14,431.76348876953125
2023-07-17,433.2627258300781
2023-07-18,436.4821472167969
2023-07-19,437.4527282714844
2023-07-20,434.55047607421875
2023-07-21,434.55047607421875
2023-07-24,436.49176025390625
2023-07-25,437.68341064453125
2023-07-26,437.7507019042969
2023-07-27,434.84832763671875
2023-07-28,439.1057434082031
2023-07-31,439.94183349609375
2023-08-01,438.6828308105469
2023-08-02,432.5804748535156
2023-08-03,431.3406982421875
2023-08-04,429.3898620605469
2023-08-07,433.1377868652344
2023-08-08,431.2542419433594
2023-08-09,428.3712158203125
2023-08-10,428.52496337890625
2023-08-11,428.27508544921875
2023-08-14,430.63922119140625
2023-08-15,425.6227111816406
2023-08-16,422.49945068359375
2023-08-17,419.2800598144531
2023-08-18,419.48187255859375
2023-08-21,422.21112060546875
2023-08-22,421.0675048828125
2023-08-23,425.7572326660156
2023-08-24,419.85662841796875
2023-08-25,422.8165588378906
2023-08-28,425.4977111816406
2023-08-29,431.648193359375
2023-08-30,433.4260559082031
2023-08-31,432.7918395996094
2023-09-01,433.5990905761719
2023-09-05,431.72509765625
2023-09-06,428.8228759765625
2023-09-07,427.50628662109375
2023-09-08,428.1501770019531
2023-09-11,430.9659423828125
2023-09-12,428.6017761230469
2023-09-13,429.1015930175781
2023-09-14,432.8014221191406
2023-09-15,427.5869445800781
2023-09-18,427.83770751953125
2023-09-19,426.9504699707031
2023-09-20,423.0252990722656
2023-09-21,416.0334167480469
2023-09-22,415.09796142578125
2023-09-25,416.8434143066406
2023-09-26,410.7195129394531
2023-09-27,410.88348388671875
2023-09-28,413.26556396484375
2023-09-29,412.2625732421875
2023-10-02,412.0986328125
2023-10-03,406.5823059082031
2023-10-04,409.54296875
2023-10-05,409.388671875
2023-10-06,414.2492370605469
2023-10-09,416.9013366699219
2023-10-10,419.0712585449219
2023-10-11,420.7878723144531
2023-10-12,418.22259521484375
2023-10-13,416.1394958496094
2023-10-16,420.51788330078125
2023-10-17,420.4986267089844
2023-10-18,414.8953857421875
2023-10-19,411.2499084472656
2023-10-20,406.19647216796875
2023-10-23,405.4924621582031
2023-10-24,408.5495910644531
2023-10-25,402.68603515625
2023-10-26,397.86407470703125
2023-10-27,396.06060791015625
2023-10-30,400.7958068847656
2023-10-31,403.31292724609375
2023-11-01,407.6141357421875
2023-11-02,415.4258117675781
2023-11-03,419.2159118652344
2023-11-06,420.1802978515625
2023-11-07,421.3761291503906
2023-11-08,421.6847839355469
2023-11-09,418.39617919921875
2023-11-10,424.9251403808594
2023-11-13,424.5201110839844
2023-11-14,432.756103515625
2023-11-15,433.6722717285156
2023-11-16,434.2027282714844
2023-11-17,434.7427978515625
2023-11-20,438.08929443359375
2023-11-21,437.134521484375
2023-11-22,438.8222351074219
2023-11-24,439.09222412109375
2023-11-27,438.3014221191406
2023-11-28,438.73541259765625
2023-11-29,438.42681884765625
2023-11-30,440.153076171875
2023-12-01,442.7569885253906
2023-12-04,440.4327392578125
2023-12-05,440.3459777832031
2023-12-06,438.5714416503906
2023-12-07,441.9179382324219
2023-12-08,443.8178405761719
2023-12-11,445.5440368652344
2023-12-12,447.5789794921875
2023-12-13,453.75115966796875
2023-12-14,455.2073974609375
2023-12-15,454.4579162597656
2023-12-18,457.0143127441406
2023-12-19,459.7933654785156
2023-12-20,453.4218444824219
2023-12-21,457.7210998535156
2023-12-22,458.6409912109375
2023-12-26,460.57763671875
2023-12-27,461.410400390625
2023-12-28,461.5846862792969
2023-12-29,460.2484436035156
2024-01-02,457.6726989746094
2024-01-03,453.93505859375
2024-01-04,452.47283935546875
2024-01-05,453.0926208496094
2024-01-08,459.56097412109375
2024-01-09,458.8636779785156
2024-01-10,461.4588317871094
2024-01-11,461.2554931640625
2024-01-12,461.57501220703125
2024-01-16,459.8804626464844
2024-01-17,457.3241271972656
2024-01-18,461.3910217285156
2024-01-19,467.1427917480469
2024-01-22,468.1304931640625
2024-01-23,469.49578857421875
2024-01-24,470.009033203125
2024-01-25,472.56536865234375
2024-01-26,471.9650573730469
2024-01-29,475.7027282714844
2024-01-30,475.33477783203125
2024-01-31,467.5784912109375
2024-02-01,473.69830322265625
2024-02-02,478.6851501464844
2024-02-05,476.942138671875
2024-02-06,478.3268737792969
2024-02-07,482.3162841796875
2024-02-08,482.5293273925781
2024-02-09,485.3180236816406
2024-02-12,485.1050109863281
2024-02-13,478.42364501953125
2024-02-14,482.7713623046875
2024-02-15,486.1024169921875
2024-02-16,483.6815490722656
2024-02-20,481.01873779296875
2024-02-21,481.4544372558594
2024-02-22,491.4183654785156
2024-02-23,491.7572937011719
2024-02-26,489.9562683105469
2024-02-27,490.866455078125
2024-02-28,490.2176818847656
2024-02-29,491.9800109863281
2024-03-01,496.5988464355469
2024-03-04,496.0662536621094
2024-03-05,491.1085205078125
2024-03-06,493.5971374511719
2024-03-07,498.4967956542969
2024-03-08,495.50469970703125
2024-03-11,495.07861328125
2024-03-12,500.40435791015625
2024-03-13,499.6199951171875
2024-03-14,498.6322937011719
2024-03-15,495.20843505859375
2024-03-18,498.1515808105469
2024-03-19,500.9197998046875
2024-03-20,505.552978515625
2024-03-21,507.2236633300781
2024-03-22,506.2621765136719
2024-03-25,504.8633117675781
2024-03-26,503.9308776855469
2024-03-27,508.1658935546875
2024-03-28,508.0687255859375
2024-04-01,507.1847229003906
2024-04-02,503.9601135253906
2024-04-03,504.5137023925781
2024-04-04,498.3555908203125
2024-04-05,503.561767578125
2024-04-08,503.843505859375
2024-04-09,504.42620849609375
2024-04-10,499.3753967285156
2024-04-11,503.1441345214844
2024-04-12,496.19915771484375
2024-04-15,489.9826965332031
2024-04-16,489.0891418457031
2024-04-17,486.1945495605469
2024-04-18,485.1940612792969
2024-04-19,480.9591369628906
2024-04-22,485.38836669921875
2024-04-23,491.1482849121094
2024-04-24,490.9151916503906
2024-04-25,489.0502624511719
2024-04-26,493.6834716796875
2024-04-29,495.43182373046875
2024-04-30,487.5835266113281
2024-05-01,486.00030517578125
2024-05-02,490.5460510253906
2024-05-03,496.6265869140625
2024-05-06,501.755126953125
2024-05-07,502.308837890625
2024-05-08,502.3573303222656
2024-05-09,505.2518310546875
2024-05-10,505.9027404785156
2024-05-13,505.9706115722656
2024-05-14,508.29217529296875
2024-05-15,514.5863647460938
2024-05-16,513.527587890625
2024-05-17,514.2658081054688
2024-05-20,514.8582763671875
2024-05-21,516.1209716796875
2024-05-22,514.6348876953125
2024-05-23,510.8758239746094
2024-05-24,514.2560424804688
2024-05-28,514.6153564453125
2024-05-29,511.01177978515625
2024-05-30,507.62188720703125
2024-05-31,512.2454223632812
2024-06-03,512.6630859375
2024-06-04,513.2361450195312
2024-06-05,519.3360595703125
2024-06-06,519.3262329101562
2024-06-07,518.695068359375
2024-06-10,520.2976684570312
2024-06-11,521.5506591796875
2024-06-12,525.8341064453125
2024-06-13,526.8928833007812
2024-06-14,527.2135009765625
2024-06-17,531.4096069335938
2024-06-18,532.759765625
2024-06-20,531.3123168945312
2024-06-21,530.60009765625
2024-06-24,528.8753051757812
2024-06-25,530.9119262695312
2024-06-26,531.5745849609375
2024-06-27,532.41259765625
2024-06-28,530.3175048828125
2024-07-01,531.4088745117188
2024-07-02,534.9851684570312
2024-07-03,537.3726806640625
2024-07-05,540.4713745117188
2024-07-08,541.094970703125
2024-07-09,541.6212768554688
2024-07-10,546.9806518554688
2024-07-11,542.2642211914062
2024-07-12,545.6846923828125
2024-07-15,547.185302734375
2024-07-16,550.43017578125
2024-07-17,542.712646484375
2024-07-18,538.5419311523438
2024-07-19,534.9656372070312
2024-07-22,540.4810791015625
2024-07-23,539.63330078125
2024-07-24,527.4038696289062
2024-07-25,524.6558837890625
2024-07-26,530.5318603515625
2024-07-29,530.8438110351562
2024-07-30,528.1541748046875
2024-07-31,536.7391357421875
2024-08-01,529.1384887695312
2024-08-02,519.2867431640625
2024-08-05,504.1631774902344
2024-08-06,508.8114013671875
2024-08-07,505.41046142578125
2024-08-08,517.0942993164062
2024-08-09,519.3743896484375
2024-08-12,519.6472778320312
2024-08-13,528.1932373046875
2024-08-14,529.8595581054688
2024-08-15,538.9413452148438
2024-08-16,540.1497192382812
2024-08-19,545.3143920898438
2024-08-20,544.4276123046875
2024-08-21,546.2985229492188
2024-08-22,542.0110473632812
2024-08-23,547.7699584960938
2024-08-26,546.4642944335938
2024-08-27,547.214599609375
2024-08-28,544.0377807617188
2024-08-29,544.0865478515625
2024-08-30,549.2803955078125
2024-09-03,537.9767456054688
2024-09-04,536.8755493164062
2024-09-05,535.5697631835938
2024-09-06,526.5560302734375
2024-09-09,532.4515380859375
2024-09-10,534.7706909179688
2024-09-11,540.2570190429688
2024-09-12,544.8076782226562
2024-09-13,547.6531372070312
2024-09-16,548.4618530273438
2024-09-17,548.6859130859375
2024-09-18,547.0586547851562
2024-09-19,556.393798828125
2024-09-20,555.43212890625
2024-09-23,556.8200073242188
2024-09-24,558.413330078125
2024-09-25,557.1817016601562
2024-09-26,559.3908081054688
2024-09-27,558.5794677734375
2024-09-30,560.8177490234375
2024-10-01,555.7937622070312
2024-10-02,556.0283813476562
2024-10-03,555.01171875
2024-10-04,560.055419921875
2024-10-07,554.9921264648438
2024-10-08,560.2410278320312
2024-10-09,564.1215209960938
2024-10-10,563.13427734375
2024-10-11,566.5065307617188
2024-10-14,571.1396484375
2024-10-15,566.7020263671875
2024-10-16,569.1651611328125
2024-10-17,569.2139892578125
2024-10-18,571.403564453125
2024-10-21,570.4651489257812
2024-10-22,570.1621704101562
2024-10-23,564.952392578125
2024-10-24,566.1741333007812
2024-10-25,565.9786987304688
2024-10-28,567.7283935546875
2024-10-29,568.647216796875
2024-10-30,566.9267578125
2024-10-31,555.8133544921875
2024-11-01,558.1590576171875
2024-11-04,556.9569091796875
2024-11-05,563.6914672851562
2024-11-06,577.7080078125
2024-11-07,582.1749877929688
2024-11-08,584.69677734375
2024-11-11,585.2539672851562
2024-11-12,583.4358520507812
2024-11-13,583.7193603515625
2024-11-14,579.9659423828125
2024-11-15,572.537353515625
2024-11-18,574.8832397460938
2024-11-19,576.9846801757812
2024-11-20,577.1802368164062
2024-11-21,580.2786865234375
2024-11-22,582.0772094726562
2024-11-25,584.0516357421875
2024-11-26,587.1012573242188
2024-11-27,585.322265625
2024-11-29,588.9584350585938
2024-12-02,590.0140991210938
2024-12-03,590.2877197265625
2024-12-04,593.9530639648438
2024-12-05,592.9755859375
2024-12-06,594.0997314453125
2024-12-09,591.0404663085938
2024-12-10,589.2026977539062
2024-12-11,593.7576904296875
2024-12-12,590.6982421875
2024-12-13,590.5809326171875
2024-12-16,593.1027221679688
2024-12-17,590.6590576171875
2024-12-18,573.0553588867188
2024-12-19,572.8794555664062
2024-12-20,579.7603149414062
2024-12-23,583.2321166992188
2024-12-24,589.7146606445312
2024-12-26,589.75390625
2024-12-27,583.5459594726562
2024-12-30,576.8866577148438
2024-12-31,574.7879638671875
2025-01-02,573.3757934570312
2025-01-03,580.5448608398438
2025-01-06,583.88916015625
2025-01-07,577.2888793945312
2025-01-08,578.1322631835938
2025-01-10,569.3057250976562
2025-01-13,570.1883544921875
2025-01-14,570.972900390625
2025-01-15,581.35888671875
2025-01-16,580.2407836914062
2025-01-17,586.06640625
2025-01-21,591.4309692382812
2025-01-22,594.7556762695312
2025-01-23,598.0018920898438
2025-01-24,596.2561645507812
2025-01-27,587.8218383789062
2025-01-28,592.8726806640625
2025-01-29,590.2149047851562
2025-01-30,593.382568359375
2025-01-31,590.224609375
2025-02-03,586.2527465820312
2025-02-04,590.1854858398438
2025-02-05,592.5784301757812
2025-02-06,594.637939453125
2025-02-07,589.1949462890625
2025-02-10,593.1963500976562
2025-02-11,593.6474609375
2025-02-12,591.7349853515625
2025-02-13,597.9822998046875
2025-02-14,597.9528198242188
2025-02-18,599.7083129882812
2025-02-19,601.12060546875
2025-02-20,598.6198120117188
2025-02-21,588.3809204101562
2025-02-24,585.70361328125
2025-02-25,582.7907104492188
2025-02-26,583.0848999023438
2025-02-27,573.77783203125
2025-02-28,582.7318115234375
2025-03-03,572.5224609375
2025-03-04,565.7455444335938
2025-03-05,571.8262329101562
2025-03-06,561.675537109375
2025-03-07,564.8237915039062
2025-03-10,549.7792358398438
2025-03-11,545.2090454101562
2025-03-12,548.102294921875
2025-03-13,540.7957763671875
2025-03-14,551.96630859375
2025-03-17,556.2227172851562
2025-03-18,550.2108154296875
2025-03-19,556.2030639648438
2025-03-20,554.5947265625
2025-03-21,554.7776489257812
2025-03-24,564.7128295898438
2025-03-25,566.0703125
2025-03-26,559.3124389648438
2025-03-27,557.8270263671875
2025-03-28,546.5934448242188
2025-03-31,550.2625122070312
2025-04-01,551.8167114257812
2025-04-02,555.308837890625
2025-04-03,527.9428100585938
2025-04-04,497.03546142578125
2025-04-07,496.150146484375
2025-04-08,488.3790283203125
2025-04-09,539.6682739257812
2025-04-10,516.0205078125
2025-04-11,525.227783203125
2025-04-14,530.3232421875
2025-04-15,528.837890625
2025-04-16,517.0828247070312
2025-04-17,517.8206787109375
2025-04-21,505.4950866699219
2025-04-22,518.64697265625
2025-04-23,526.6837158203125
2025-04-24,537.7698364257812
2025-04-25,541.6553955078125
2025-04-28,541.86181640625
2025-04-29,545.2753295898438
2025-04-30,545.49169921875
2025-05-01,549.3575439453125
2025-05-02,557.5122680664062
2025-05-05,554.3153076171875
2025-05-06,549.68212890625
2025-05-07,551.9938354492188
2025-05-08,555.8400268554688
2025-05-09,555.1317138671875
2025-05-12,573.4774169921875
2025-05-13,577.2646484375
2025-05-14,578.00244140625
2025-05-15,580.8255615234375
2025-05-16,584.5045776367188
2025-05-19,585.1438598632812
2025-05-20,583.1765747070312
2025-05-21,573.3495483398438
2025-05-22,573.5758056640625
2025-05-23,569.6607666015625
2025-05-27,581.5043334960938
2025-05-28,578.14013671875
2025-05-29,580.4223022460938
2025-05-30,579.7730102539062
2025-06-02,583.0388793945312
2025-06-03,586.36376953125
2025-06-04,586.2063598632812
2025-06-05,583.373291015625
2025-06-06,589.3639526367188
2025-06-09,589.8951416015625
2025-06-10,593.2396850585938
2025-06-11,591.5476684570312
2025-06-12,593.898681640625
2025-06-13,587.2589111328125
2025-06-16,592.8461303710938
2025-06-17,587.7802124023438
2025-06-18,587.6917114257812
2025-06-20,586.3114013671875
2025-06-23,592.1027221679688
2025-06-24,598.6439208984375
2025-06-25,598.9793090820312
2025-06-26,603.6656494140625
2025-06-27,606.664794921875
2025-06-30,609.5653686523438
2025-07-01,609.3681640625
2025-07-02,612.1305541992188
2025-07-03,616.9549560546875
2025-07-07,612.3574829101562
2025-07-08,612.0220947265625
2025-07-09,615.6920776367188
2025-07-10,617.4285278320312
2025-07-11,615.2579956054688
2025-07-14,616.4320678710938
2025-07-15,613.7979125976562
2025-07-16,615.8499755859375
2025-07-17,619.6187133789062
2025-07-18,619.1649169921875
2025-07-21,620.3389892578125
2025-07-22,620.427734375
2025-07-23,625.7061157226562
2025-07-24,625.9132080078125
2025-07-25,628.5573120117188
2025-07-28,628.3994140625
2025-07-29,626.7420043945312
2025-07-30,625.9526977539062
2025-07-31,623.6046142578125
2025-08-01,613.3834838867188
2025-08-04,622.7067260742188
2025-08-05,619.5496826171875
2025-08-06,624.295166015625
2025-08-07,623.7722778320312
2025-08-08,628.6361694335938
2025-08-11,627.39306640625
2025-08-12,634.0723266601562
2025-08-13,636.2427978515625
2025-08-14,636.3020629882812
2025-08-15,634.8123168945312
2025-08-18,634.674072265625
2025-08-19,631.2310180664062
2025-08-20,629.5537109375
2025-08-21,627.028076171875
2025-08-22,636.6571655273438
2025-08-25,633.8552856445312
2025-08-26,636.5091552734375
2025-08-27,637.95947265625
2025-08-28,640.21875
2025-08-29,636.4006958007812
2025-09-02,631.6847534179688
2025-09-03,635.108154296875
2025-09-04,640.4160766601562
2025-09-05,638.561279296875
2025-09-08,640.1300048828125
2025-09-09,641.60986328125
2025-09-10,643.4647216796875
2025-09-11,648.8119506835938
2025-09-12,648.5948486328125
2025-09-15,652.0479736328125
2025-09-16,651.1502685546875
2025-09-17,650.3412475585938
2025-09-18,653.3799438476562
2025-09-19,656.6160278320312
2025-09-22,659.7225341796875
2025-09-23,656.1312866210938
2025-09-24,654.0437622070312
2025-09-25,651.0263061523438
2025-09-26,654.756103515625
2025-09-29,656.5962524414062
2025-09-30,659.0694580078125
2025-10-01,661.3153686523438
2025-10-02,662.0770263671875
2025-10-03,662.0671997070312
2025-10-06,664.4415893554688
2025-10-07,661.9781494140625
2025-10-08,665.925537109375
2025-10-09,663.9963989257812
2025-10-10,646.0499877929688
2025-10-13,655.9630126953125
2025-10-14,655.1616821289062
2025-10-15,658.0702514648438
2025-10-16,653.5886840820312
2025-10-17,657.2986450195312
2025-10-20,664.1348876953125
2025-10-21,664.125
2025-10-22,660.6722412109375
2025-10-23,664.5899658203125
2025-10-24,670.0213012695312
2025-10-27,677.9260864257812
2025-10-28,679.7266235351562
2025-10-29,680.0531616210938
2025-10-30,672.5738525390625
2025-10-31,674.780029296875
2025-11-03,676.0463256835938
2025-11-04,668.0328369140625
2025-11-05,670.3478393554688
2025-11-06,663.1554565429688
2025-11-07,663.808349609375
2025-11-10,674.1666259765625
2025-11-11,675.7100219726562
2025-11-12,676.0859985351562
2025-11-13,664.8670043945312
2025-11-14,664.7581176757812
2025-11-17,658.56494140625
2025-11-18,653.03466796875
2025-11-19,655.557373046875
2025-11-20,645.5652465820312
2025-11-21,651.9959106445312
2025-11-24,661.5922241210938
2025-11-25,667.8152465820312
2025-11-26,672.4254760742188
2025-11-28,676.0958251953125
2025-12-01,673.0091552734375
2025-12-02,674.2556762695312
2025-12-03,676.5905151367188
2025-12-04,677.0850830078125
2025-12-05,678.3712768554688
2025-12-08,676.333251953125
2025-12-09,675.7495727539062
2025-12-10,680.2312622070312
2025-12-11,681.8140869140625
2025-12-12,674.4832763671875
2025-12-15,673.4642333984375
2025-12-16,671.6241455078125
2025-12-17,664.2337646484375
2025-12-18,669.2496948242188
2025-12-19,675.3153686523438
2025-12-22,679.5225219726562
2025-12-23,682.6282348632812
2025-12-24,685.0294799804688
2025-12-26,684.9599609375
2025-12-29,682.51904296875
2025-12-30,681.6856079101562
2025-12-31,676.635009765625
2026-01-02,677.8753662109375
2026-01-05,682.3900756835938
2026-01-06,686.4483642578125
2026-01-07,684.2356567382812
2026-01-08,684.1661987304688
2026-01-09,688.6908569335938
2026-01-12,689.7723388671875
2026-01-13,688.3932495117188
2026-01-14,685.0095825195312
2026-01-15,686.8750610351562
2026-01-16,686.2994995117188
2026-01-20,672.3286743164062
2026-01-21,680.0880126953125
2026-01-22,683.6403198242188
2026-01-23,683.8883056640625
2026-01-26,687.3612060546875
2026-01-27,690.099853515625
2026-01-28,690.0303344726562
2026-01-29,688.6610717773438
2026-01-30,686.6071166992188
2026-02-02,690.0204467773438
2026-02-03,684.18603515625
2026-02-04,680.8719482421875
2026-02-05,672.3683471679688
2026-02-06,685.267578125
2026-02-09,688.57177734375
2026-02-10,686.7559814453125
2026-02-11,686.5972290039062
2026-02-12,675.9901123046875
2026-02-13,676.46630859375
2026-02-17,677.5578002929688
2026-02-18,680.9711303710938
2026-02-19,679.1751708984375
2026-02-20,684.0867919921875
2026-02-23,677.1013793945312
2026-02-24,682.0228881835938
2026-02-25,687.778076171875
2026-02-26,683.9578247070312
2026-02-27,680.6734619140625
2026-03-02,681.0604858398438
2026-03-03,675.057373046875
2026-03-04,679.820068359375
2026-03-05,676.0297241210938
2026-03-06,667.1688842773438
2026-03-09,673.0133666992188
2026-03-10,671.9317016601562
2026-03-11,671.08837890625
2026-03-12,660.8978881835938
2026-03-13,657.1571655273438
2026-03-16,663.844970703125
2026-03-17,665.5912475585938
2026-03-18,656.3038330078125
2026-03-19,654.6864624023438
2026-03-20,645.3009643554688
2026-03-23,652.07666015625
2026-03-24,649.8877563476562
2026-03-25,653.5094604492188
2026-03-26,641.838623046875
2026-03-27,630.89404296875
2026-03-30,628.78466796875
2026-03-31,647.0621337890625
2026-04-01,651.9373779296875
2026-04-02,652.5244750976562
2026-04-06,655.6087646484375
2026-04-07,655.8972778320312
2026-04-08,672.6027221679688
2026-04-09,676.4830322265625
2026-04-10,676.0353393554688
2026-04-13,682.6417846679688
2026-04-14,690.959716796875
2026-04-15,696.412109375
2026-04-16,698.1234130859375
2026-04-17,706.5607299804688
2026-04-20,705.1477661132812
2026-04-21,700.53125
2026-04-22,707.6253051757812
2026-04-23,704.8792114257812
2026-04-24,710.3414916992188
2026-04-27,711.5653686523438
2026-04-28,708.1029052734375
2026-04-29,707.993408203125
2026-04-30,715.0377197265625
2026-05-01,717.0177001953125
2026-05-04,714.3909912109375
2026-05-05,720.1220092773438
2026-05-06,730.1312866210938
2026-05-07,727.8926391601562
2026-05-08,733.9021606445312
2026-05-11,735.5736694335938
2026-05-12,734.4593505859375
2026-05-13,738.5685424804688
2026-05-14,744.3989868164062
2026-05-15,735.4443969726562
2026-05-18,734.927001953125
2026-05-19,730.03173828125
2026-05-20,737.5138549804688
2026-05-21,738.9764404296875
2026-05-22,741.8817749023438
2026-05-26,746.8068237304688
2026-05-27,746.6774291992188
2026-05-28,750.7965698242188
2026-05-29,752.6671142578125
2026-06-01,754.7166748046875
2026-06-02,755.7415771484375
2026-06-03,750.4384155273438
2026-06-04,753.2740478515625
2026-06-05,733.83251953125
2026-06-08,735.4940795898438
2026-06-09,733.3350830078125
2026-06-10,721.7736206054688
2026-06-11,734.04150390625
2026-06-12,738.0113525390625
2026-06-15,751.0254516601562
2026-06-16,746.5481567382812
2026-06-17,737.225341796875
2026-06-18,744.8902587890625
2026-06-22,742.546142578125
2026-06-23,731.7628784179688
2026-06-24,731.4237060546875
2026-06-25,732.4810791015625
2026-06-26,727.1842651367188
2026-06-29,739.1644897460938
2026-06-30,744.9202270507812
2026-07-01,743.9127197265625
2026-07-02,742.9351806640625
2026-07-06,749.4190673828125
2026-07-07,745.85791015625
2026-07-08,743.5536499023438
2026-07-09,749.8480224609375
2026-07-10,753.0799560546875
2026-07-13,747.3142700195312
2026-07-14,749.9677124023438
2026-07-15,752.9403076171875
2026-07-16,748.8604125976562
2026-07-17,741.4487915039062
2026-07-20,740.2518310546875
2026-07-21,746.426513671875
2026-07-22,745.55859375
2026-07-23,736.3515014648438
2026-07-24,737.099609375
2026-07-27,737.25927734375
2026-07-28,739.0248413085938
2026-07-29,727.6531372070312
2026-07-30,739.852783203125
2026-07-31,745.1796264648438
2026-08-03,755.793212890625
2026-08-04,769.4193725585938
2026-08-05,767.8831787109375
2026-08-06,766.65625
2026-08-07,771.3446044921875
2026-08-10,771.1151733398438
2026-08-11,768.6513061523438
2026-08-12,770.5764770507812
2026-08-13,775.9531860351562
2026-08-14,774.4169921875
2026-08-17,770.7560424804688
2026-08-18,765.5490112304688
2026-08-19,767.1549682617188
2026-08-20,760.7109985351562
2026-08-21,763.8232421875
2026-08-24,761.5787963867188
2026-08-25,764.0127563476562
2026-08-26,764.182373046875
2026-08-27,769.18994140625
2026-08-28,767.4442749023438
2026-08-31,765.1499633789062
2026-09-01,759.89306640625
2026-09-02,763.2646484375
2026-09-03,771.2548217773438
2026-09-04,768.2822265625
2026-09-08,764.0626831054688
2026-09-09,760.5115356445312
2026-09-10,755.9528198242188
2026-09-11,762.3967895507812
2026-09-14,758.9952392578125
2026-09-15,755.513916015625
2026-09-16,752.1821899414062
2026-09-17,760.7109985351562
2026-09-18,761.6900024414062
2026-09-21,773.5
2026-09-22,773.3800048828125
2026-09-23,767.8099975585938
2026-09-24,767.1799926757812
2026-09-25,771.3499755859375
